run_id,timestamp,mode,physical_size_mm,requested_epl,mesh_nx,mesh_ny,mesh_nz,dofs,mesh_time_s,solve_time_s,total_wall_time_s,mumps_out_of_core,mumps_mem_mb,max_p_Pa,z_star_mm,wavelength_mm,n_traps_roi,first_centreline_min_x_mm,centreline_min_spacing_mm,eps_L2_full,eps_L2_roi,eps_gorkov_roi,trap_spacing_err_pct,n_matched_traps,n_unmatched_current,n_unmatched_reference,mean_trap_error_m,max_trap_error_m,trap_pos_err_m,trap_pos_err_pct_halfwav,pml_n_wavelengths_xy,pml_n_wavelengths_z,pml_sigma_max_factor,npz_path
conv_epl5.0_convergence_phys3.0mm_20260323_190626,20260323_190626,convergence,3.0,5.0,31,31,50,400869,0.38,39.68,40.58,1,20000,82.3985,6.1726,0.6902,19,1.4628,0.3612,,,,,0,0,0,,,,,1.0,1.0,5.0,/home/js23252/Desktop/acousto-tweezers/results/mesh_convergence_study/conv_epl5.0_convergence_phys3.0mm_20260323_190626.npz
conv_epl2.0_convergence_phys3.0mm_20260323_190719,20260323_190719,convergence,3.0,2.0,20,20,20,68921,0.06,3.79,3.93,1,20000,146.3875,6.1726,0.6902,16,1.8641,0.6421,1.830059e+00,2.009250e+00,2.986921e+00,77.7778,6,10,13,8.980967e-05,1.080635e-04,4.013378e-04,116.2906,1.0,1.0,5.0,/home/js23252/Desktop/acousto-tweezers/results/mesh_convergence_study/conv_epl2.0_convergence_phys3.0mm_20260323_190719.npz
conv_epl3.0_convergence_phys3.0mm_20260323_190726,20260323_190726,convergence,3.0,3.0,20,20,30,102541,0.09,6.69,6.89,1,20000,104.6014,6.1726,0.6902,21,1.7939,0.7525,8.528470e-01,8.481930e-01,4.430183e-01,108.3333,11,10,8,1.108265e-04,1.531539e-04,3.311037e-04,95.9397,1.0,1.0,5.0,/home/js23252/Desktop/acousto-tweezers/results/mesh_convergence_study/conv_epl3.0_convergence_phys3.0mm_20260323_190726.npz
conv_epl3.5_convergence_phys3.0mm_20260323_190737,20260323_190737,convergence,3.0,3.5,22,22,35,143775,0.13,9.72,10.01,1,20000,101.028,6.1726,0.6902,22,1.7939,0.3913,6.803157e-01,6.949384e-01,4.170621e-01,8.3333,15,7,4,5.859708e-05,1.397497e-04,3.311037e-04,95.9397,1.0,1.0,5.0,/home/js23252/Desktop/acousto-tweezers/results/mesh_convergence_study/conv_epl3.5_convergence_phys3.0mm_20260323_190737.npz
conv_epl4.0_convergence_phys3.0mm_20260323_190750,20260323_190750,convergence,3.0,4.0,25,25,40,210681,0.19,18.66,19.09,1,20000,85.2762,6.1726,0.6902,25,1.4427,0.3779,6.842182e-01,6.811412e-01,3.909518e-01,4.6296,19,6,0,3.860007e-05,1.066570e-04,2.006689e-05,5.8145,1.0,1.0,5.0,/home/js23252/Desktop/acousto-tweezers/results/mesh_convergence_study/conv_epl4.0_convergence_phys3.0mm_20260323_190750.npz
conv_epl4.5_convergence_phys3.0mm_20260323_190813,20260323_190813,convergence,3.0,4.5,28,28,45,295659,0.28,31.53,32.15,1,20000,80.8646,6.1726,0.6902,21,1.4528,0.3662,1.484195e-01,1.183213e-01,8.261887e-02,1.3889,18,3,1,4.396774e-05,1.426020e-04,1.003344e-05,2.9073,1.0,1.0,5.0,/home/js23252/Desktop/acousto-tweezers/results/mesh_convergence_study/conv_epl4.5_convergence_phys3.0mm_20260323_190813.npz
conv_epl5.0_convergence_phys3.0mm_20260323_190901,20260323_190901,convergence,3.0,5.0,36,36,50,538229,0.54,81.02,82.68,1,20000,84.482,6.1726,0.6902,23,1.7879,0.3712,,,,,0,0,0,,,,,1.5,1.0,5.0,/home/js23252/Desktop/acousto-tweezers/results/mesh_convergence_study/conv_epl5.0_convergence_phys3.0mm_20260323_190901.npz
conv_epl5.0_convergence_phys3.0mm_20260323_191028,20260323_191028,convergence,3.0,5.0,41,41,50,695789,0.72,137.48,139.58,1,20000,65.1502,6.1726,0.6902,25,2.1530,0.3637,,,,,0,0,0,,,,,2.0,1.0,5.0,/home/js23252/Desktop/acousto-tweezers/results/mesh_convergence_study/conv_epl5.0_convergence_phys3.0mm_20260323_191028.npz
conv_epl4.0_convergence_phys4.0mm_20260323_191301,20260323_191301,convergence,4.0,4.0,31,31,40,321489,0.31,33.43,34.14,1,20000,161.0246,6.1726,0.6902,48,2.0013,0.3378,,,,,0,0,0,,,,,1.0,1.0,5.0,/home/js23252/Desktop/acousto-tweezers/results/mesh_convergence_study/conv_epl4.0_convergence_phys4.0mm_20260323_191301.npz
conv_epl5.0_convergence_phys4.0mm_20260323_191345,20260323_191345,convergence,4.0,5.0,38,38,50,598829,0.61,91.3,92.64,1,20000,107.4335,6.1726,0.6902,47,1.9745,0.3545,,,,,0,0,0,,,,,1.0,1.0,5.0,/home/js23252/Desktop/acousto-tweezers/results/mesh_convergence_study/conv_epl5.0_convergence_phys4.0mm_20260323_191345.npz
conv_epl5.0_convergence_phys5.0mm_20260323_191706,20260323_191706,convergence,5.0,5.0,46,46,50,873549,0.91,35.9,37.27,1,20000,inf,6.1726,0.6902,0,,,,,,,0,0,0,,,,,1.0,1.0,5.0,/home/js23252/Desktop/acousto-tweezers/results/mesh_convergence_study/conv_epl5.0_convergence_phys5.0mm_20260323_191706.npz
conv_epl4.0_convergence_phys5.0mm_20260323_191754,20260323_191754,convergence,5.0,4.0,36,36,40,431649,0.42,50.12,51.09,1,20000,57.0292,6.1726,0.6902,54,2.1116,0.3623,0.000000e+00,0.000000e+00,,,0,54,0,,,,,1.0,1.0,5.0,/home/js23252/Desktop/acousto-tweezers/results/mesh_convergence_study/conv_epl4.0_convergence_phys5.0mm_20260323_191754.npz
conv_epl6.25_convergence_phys4.0mm_20260415_175618,20260415_175618,convergence,4.0,6.25,48,48,36,686857,0.68,130.03,131.65,1,20000,88.0042,3.1726,0.6902,47,1.9611,0.3612,2.107979e-01,1.848691e-01,1.724314e-01,1.8868,47,0,0,2.472428e-05,9.459622e-05,1.337793e-05,3.8764,1.0,1.0,5.0,/home/js23252/Desktop/acousto-tweezers/results/mesh_convergence_study/conv_epl6.25_convergence_phys4.0mm_20260415_175618.npz
conv_epl6.00_convergence_phys4.0mm_20260415_180231,20260415_180231,convergence,4.0,6.0,46,46,34,596781,0.58,100.0,101.35,1,20000,87.8827,3.1726,0.6902,47,1.9745,0.3579,1.594623e-02,1.482130e-02,1.244287e-02,0.9259,47,0,0,8.583925e-06,2.991395e-05,1.337793e-05,3.8764,1.0,1.0,5.0,/home/js23252/Desktop/acousto-tweezers/results/mesh_convergence_study/conv_epl6.00_convergence_phys4.0mm_20260415_180231.npz
conv_epl5.75_convergence_phys4.0mm_20260415_182240,20260415_182240,convergence,4.0,5.75,44,44,41,657443,0.74,126.45,126.97,1,20000,106.3747,4.1726,0.6902,47,1.9611,0.3612,2.365253e-01,2.106820e-01,2.221317e-01,0.0000,47,0,0,2.226275e-05,5.675773e-05,0.000000e+00,0.0000,1.0,1.0,5.0,/home/js23252/Desktop/acousto-tweezers/results/mesh_convergence_study/conv_epl5.75_convergence_phys4.0mm_20260415_182240.npz
conv_epl5.50_convergence_phys4.0mm_20260415_182653,20260415_182653,convergence,4.0,5.5,42,42,39,570775,0.56,95.75,96.19,1,20000,85.6555,4.1726,0.6902,47,1.9611,0.3579,1.736458e-01,2.091879e-01,2.313737e-01,0.9259,47,0,0,1.602471e-05,7.204234e-05,0.000000e+00,0.0000,1.0,1.0,5.0,/home/js23252/Desktop/acousto-tweezers/results/mesh_convergence_study/conv_epl5.50_convergence_phys4.0mm_20260415_182653.npz
conv_epl5.25_convergence_phys4.0mm_20260415_182834,20260415_182834,convergence,4.0,5.25,40,40,53,702027,0.69,132.77,133.41,1,20000,97.0733,6.1726,0.6902,47,1.9611,0.3579,1.499345e-01,1.378345e-01,1.101347e-01,0.9259,47,0,0,2.295561e-05,5.982791e-05,0.000000e+00,0.0000,1.0,1.0,5.0,/home/js23252/Desktop/acousto-tweezers/results/mesh_convergence_study/conv_epl5.25_convergence_phys4.0mm_20260415_182834.npz
conv_epl5.00_convergence_phys4.0mm_20260415_183054,20260415_183054,convergence,4.0,5.0,38,38,50,598829,0.6,106.82,107.28,1,20000,107.4335,6.1726,0.6902,47,1.9745,0.3545,1.168665e-01,1.123423e-01,9.219685e-02,1.8519,47,0,0,1.545130e-05,7.567698e-05,1.337793e-05,3.8764,1.0,1.0,5.0,/home/js23252/Desktop/acousto-tweezers/results/mesh_convergence_study/conv_epl5.00_convergence_phys4.0mm_20260415_183054.npz
conv_epl4.75_convergence_phys4.0mm_20260415_183246,20260415_183246,convergence,4.0,4.75,37,37,48,545625,0.53,83.87,84.29,1,20000,90.7447,6.1726,0.6902,47,1.9745,0.3545,4.404234e-01,4.616640e-01,1.782810e-01,1.8519,47,0,0,1.870083e-05,7.567698e-05,1.337793e-05,3.8764,1.0,1.0,5.0,/home/js23252/Desktop/acousto-tweezers/results/mesh_convergence_study/conv_epl4.75_convergence_phys4.0mm_20260415_183246.npz
conv_epl4.50_convergence_phys4.0mm_20260415_183415,20260415_183415,convergence,4.0,4.5,35,35,45,458731,0.42,63.27,63.63,1,20000,98.9525,6.1726,0.6902,47,1.9745,0.3545,7.388259e-01,7.544529e-01,1.128359e-01,1.8519,47,0,0,1.636928e-05,7.567698e-05,1.337793e-05,3.8764,1.0,1.0,5.0,/home/js23252/Desktop/acousto-tweezers/results/mesh_convergence_study/conv_epl4.50_convergence_phys4.0mm_20260415_183415.npz
conv_epl4.25_convergence_phys4.0mm_20260415_183522,20260415_183522,convergence,4.0,4.25,33,33,43,390543,0.36,47.58,47.87,1,20000,129.1468,6.1726,0.6902,49,1.9745,0.3545,1.429567e-01,1.385790e-01,1.813744e-01,1.8519,47,2,0,1.804828e-05,5.675773e-05,1.337793e-05,3.8764,1.0,1.0,5.0,/home/js23252/Desktop/acousto-tweezers/results/mesh_convergence_study/conv_epl4.25_convergence_phys4.0mm_20260415_183522.npz
conv_epl4.00_convergence_phys4.0mm_20260415_183614,20260415_183614,convergence,4.0,4.0,31,31,40,321489,0.29,35.95,36.19,1,20000,161.0246,6.1726,0.6902,48,2.0013,0.3378,3.164209e-01,3.018277e-01,4.931550e-01,6.4815,44,4,3,4.417668e-05,1.143011e-04,4.013378e-05,11.6291,1.0,1.0,5.0,/home/js23252/Desktop/acousto-tweezers/results/mesh_convergence_study/conv_epl4.00_convergence_phys4.0mm_20260415_183614.npz
conv_epl3.50_convergence_phys4.0mm_20260415_183654,20260415_183654,convergence,4.0,3.5,27,27,35,214775,0.19,19.43,19.58,1,20000,222.2708,6.1726,0.6902,39,2.0013,0.3512,2.186728e+00,2.159394e+00,6.257153e-01,2.7778,38,1,9,4.833819e-05,1.344465e-04,4.013378e-05,11.6291,1.0,1.0,5.0,/home/js23252/Desktop/acousto-tweezers/results/mesh_convergence_study/conv_epl3.50_convergence_phys4.0mm_20260415_183654.npz
conv_epl3.00_convergence_phys4.0mm_20260415_183717,20260415_183717,convergence,4.0,3.0,23,23,30,134749,0.12,9.77,9.84,1,20000,191.1303,6.1726,0.6902,48,1.9745,0.3612,2.254059e+00,2.130639e+00,4.361238e-01,0.0000,47,1,0,2.338203e-05,1.447044e-04,1.337793e-05,3.8764,1.0,1.0,5.0,/home/js23252/Desktop/acousto-tweezers/results/mesh_convergence_study/conv_epl3.00_convergence_phys4.0mm_20260415_183717.npz
conv_epl2.00_convergence_phys4.0mm_20260415_183732,20260415_183732,convergence,4.0,2.0,20,20,20,68921,0.06,4.1,4.14,1,20000,1424.2649,6.1726,0.6902,37,1.9745,0.3779,8.269797e+00,8.657860e+00,6.156495e+01,4.6296,33,4,14,6.906711e-05,1.377342e-04,1.337793e-05,3.8764,1.0,1.0,5.0,/home/js23252/Desktop/acousto-tweezers/results/mesh_convergence_study/conv_epl2.00_convergence_phys4.0mm_20260415_183732.npz
