run_id,timestamp,mode,physical_size_mm,requested_epl,mesh_nx,mesh_ny,mesh_nz,dofs,mesh_time_s,solve_time_s,total_wall_time_s,mumps_out_of_core,mumps_mem_mb,max_p_Pa,z_star_mm,wavelength_mm,n_traps_roi,first_centreline_min_x_mm,centreline_min_spacing_mm,eps_L2_full,eps_L2_roi,eps_gorkov_roi,trap_spacing_err_pct,n_matched_traps,n_unmatched_current,n_unmatched_reference,mean_trap_error_m,max_trap_error_m,trap_pos_err_m,trap_pos_err_pct_halfwav,pml_n_wavelengths_xy,pml_n_wavelengths_z,pml_sigma_max_factor,npz_path
conv_epl6.50_convergence_phys4.0mm_20260416_115130,20260416_115130,convergence,4.0,6.5,50,50,37,765075,0.86,126.96,127.78,1,30000,85.9528,3.1726,0.6902,47,1.9745,0.3545,6.472027e-02,7.855676e-02,1.300224e-01,1.8519,47,0,0,1.546778e-05,7.567698e-05,1.337793e-05,3.8764,1.0,1.0,5.0,/home/js23252/Desktop/acousto-tweezers/results/mesh_convergence_study/conv_epl6.50_convergence_phys4.0mm_20260416_115130.npz
conv_epl6.25_convergence_phys4.0mm_20260416_115345,20260416_115345,convergence,4.0,6.25,48,48,36,686857,0.72,110.36,110.84,1,30000,88.0042,3.1726,0.6902,47,1.9611,0.3612,6.715950e-02,8.371240e-02,1.480720e-01,1.8868,47,0,0,1.546778e-05,7.567698e-05,1.337793e-05,3.8764,1.0,1.0,5.0,/home/js23252/Desktop/acousto-tweezers/results/mesh_convergence_study/conv_epl6.25_convergence_phys4.0mm_20260416_115345.npz
conv_epl6.00_convergence_phys4.0mm_20260416_115543,20260416_115543,convergence,4.0,6.0,46,46,34,596781,0.6,87.96,88.36,1,30000,87.8827,3.1726,0.6902,47,1.9745,0.3579,7.268464e-02,9.029664e-02,1.580174e-01,0.9434,47,0,0,1.725404e-05,5.675773e-05,0.000000e+00,0.0000,1.0,1.0,5.0,/home/js23252/Desktop/acousto-tweezers/results/mesh_convergence_study/conv_epl6.00_convergence_phys4.0mm_20260416_115543.npz
conv_epl5.75_convergence_phys4.0mm_20260416_115716,20260416_115716,convergence,4.0,5.75,44,44,33,530707,0.54,73.84,74.18,1,30000,85.8111,3.1726,0.6902,47,1.9745,0.3579,1.823915e-02,1.739454e-02,1.788647e-02,0.9434,47,0,0,1.750444e-05,5.675773e-05,0.000000e+00,0.0000,1.0,1.0,5.0,/home/js23252/Desktop/acousto-tweezers/results/mesh_convergence_study/conv_epl5.75_convergence_phys4.0mm_20260416_115716.npz
conv_epl5.50_convergence_phys4.0mm_20260416_115834,20260416_115834,convergence,4.0,5.5,42,42,31,455175,0.43,54.9,55.16,1,30000,85.5897,3.1726,0.6902,47,1.9745,0.3545,6.153612e-02,5.817358e-02,3.044753e-02,0.0000,47,0,0,2.431729e-05,8.566052e-05,0.000000e+00,0.0000,1.0,1.0,5.0,/home/js23252/Desktop/acousto-tweezers/results/mesh_convergence_study/conv_epl5.50_convergence_phys4.0mm_20260416_115834.npz
conv_epl5.25_convergence_phys4.0mm_20260416_115933,20260416_115933,convergence,4.0,5.25,40,40,30,400221,0.38,45.15,45.38,1,30000,87.6698,3.1726,0.6902,47,1.9611,0.3612,9.192002e-02,1.087056e-01,1.928982e-01,1.8868,47,0,0,2.694415e-05,9.459622e-05,1.337793e-05,3.8764,1.0,1.0,5.0,/home/js23252/Desktop/acousto-tweezers/results/mesh_convergence_study/conv_epl5.25_convergence_phys4.0mm_20260416_115933.npz
conv_epl5.00_convergence_phys4.0mm_20260416_120023,20260416_120023,convergence,4.0,5.0,38,38,28,337953,0.32,33.83,34.01,1,30000,90.506,3.1726,0.6902,47,1.9611,0.3612,1.193667e-01,1.324064e-01,2.003845e-01,1.8868,47,0,0,2.313810e-05,1.135155e-04,1.337793e-05,3.8764,1.0,1.0,5.0,/home/js23252/Desktop/acousto-tweezers/results/mesh_convergence_study/conv_epl5.00_convergence_phys4.0mm_20260416_120023.npz
conv_epl4.75_convergence_phys4.0mm_20260416_120100,20260416_120100,convergence,4.0,4.75,37,37,27,309375,0.29,29.35,29.51,1,30000,90.1501,3.1726,0.6902,47,1.9745,0.3545,5.548814e-02,4.994455e-02,4.875968e-02,0.0000,47,0,0,2.402812e-05,1.135155e-04,0.000000e+00,0.0000,1.0,1.0,5.0,/home/js23252/Desktop/acousto-tweezers/results/mesh_convergence_study/conv_epl4.75_convergence_phys4.0mm_20260416_120100.npz
conv_epl4.50_convergence_phys4.0mm_20260416_120133,20260416_120133,convergence,4.0,4.5,35,35,26,267173,0.25,23.89,24.01,1,30000,93.7946,3.1726,0.6902,47,1.9745,0.3579,1.863296e-01,2.024432e-01,2.533958e-01,0.9434,47,0,0,2.525784e-05,7.567698e-05,0.000000e+00,0.0000,1.0,1.0,5.0,/home/js23252/Desktop/acousto-tweezers/results/mesh_convergence_study/conv_epl4.50_convergence_phys4.0mm_20260416_120133.npz
conv_epl4.25_convergence_phys4.0mm_20260416_120201,20260416_120201,convergence,4.0,4.25,33,33,24,219961,0.2,18.63,18.72,1,30000,96.2602,3.1726,0.6902,47,1.9611,0.3612,2.316062e-01,2.465638e-01,3.017210e-01,1.8868,47,0,0,2.831003e-05,9.459622e-05,1.337793e-05,3.8764,1.0,1.0,5.0,/home/js23252/Desktop/acousto-tweezers/results/mesh_convergence_study/conv_epl4.25_convergence_phys4.0mm_20260416_120201.npz
conv_epl4.00_convergence_phys4.0mm_20260416_120224,20260416_120224,convergence,4.0,4.0,31,31,23,186543,0.17,14.23,14.3,1,30000,92.1494,3.1726,0.6902,50,1.9611,0.3645,1.661436e-01,1.819618e-01,1.040525e-01,2.8302,47,3,0,4.191445e-05,1.324347e-04,1.337793e-05,3.8764,1.0,1.0,5.0,/home/js23252/Desktop/acousto-tweezers/results/mesh_convergence_study/conv_epl4.00_convergence_phys4.0mm_20260416_120224.npz
conv_epl3.50_convergence_phys4.0mm_20260416_120242,20260416_120242,convergence,4.0,3.5,27,27,20,124025,0.11,7.55,7.56,1,30000,154.3085,3.1726,0.6902,46,1.9879,0.3478,4.386568e-01,4.461468e-01,8.087715e-01,1.8868,45,1,2,3.188440e-05,1.143011e-04,1.337793e-05,3.8764,1.0,1.0,5.0,/home/js23252/Desktop/acousto-tweezers/results/mesh_convergence_study/conv_epl3.50_convergence_phys4.0mm_20260416_120242.npz
conv_epl3.00_convergence_phys4.0mm_20260416_120253,20260416_120253,convergence,4.0,3.0,23,23,17,77315,0.07,3.92,3.92,1,30000,184.9903,3.1726,0.6902,48,1.9745,0.3579,2.375359e+00,2.304279e+00,8.856338e-01,0.9434,45,3,2,3.892346e-05,1.422093e-04,0.000000e+00,0.0000,1.0,1.0,5.0,/home/js23252/Desktop/acousto-tweezers/results/mesh_convergence_study/conv_epl3.00_convergence_phys4.0mm_20260416_120253.npz
conv_epl2.00_convergence_phys4.0mm_20260416_120300,20260416_120300,convergence,4.0,2.0,20,20,11,38663,0.03,1.69,1.69,1,30000,731.241,3.1726,0.6902,26,1.9344,0.3211,5.578764e+00,6.127948e+00,2.867663e+01,9.4340,25,1,22,8.017971e-05,1.632984e-04,4.013378e-05,11.6291,1.0,1.0,5.0,/home/js23252/Desktop/acousto-tweezers/results/mesh_convergence_study/conv_epl2.00_convergence_phys4.0mm_20260416_120300.npz
conv_epl7.00_convergence_phys2.0mm_20260416_131617,20260416_131617,convergence,2.0,7.0,34,34,40,385641,0.37,51.82,52.09,1,30000,146.2754,3.1726,0.6902,9,1.2722,0.4181,,,,,0,0,0,,,,,1.0,1.0,5.0,/home/js23252/Desktop/acousto-tweezers/results/mesh_convergence_study/conv_epl7.00_convergence_phys2.0mm_20260416_131617.npz
conv_epl5.00_convergence_phys2.0mm_20260416_131713,20260416_131713,convergence,2.0,5.0,24,24,28,136857,0.13,11.94,12.01,1,30000,127.3264,3.1726,0.6902,11,1.3458,0.3344,9.992711e-01,1.314792e+00,8.474686e-01,20.0000,7,4,2,5.976744e-05,1.057618e-04,7.357860e-05,21.3199,1.0,1.0,5.0,/home/js23252/Desktop/acousto-tweezers/results/mesh_convergence_study/conv_epl5.00_convergence_phys2.0mm_20260416_131713.npz
