config_id,family,ell,alpha,eta_out,corr_out,E_roi,core_ratio,barrier_reduction_pct,pass_hard,J
lg_l1_w0.4_cos,lg,1,0.05,0.005110468588754695,0.9999736742346992,0.072551799690593,0.5755308720818911,-0.2023533793061194,True,0.41070690885369876
lg_l1_w0.4_cos,lg,1,0.1,0.010220937177509389,0.9998945566959376,0.072551799690593,0.5755308720818911,-0.4044737485402683,True,0.35959035533533756
lg_l1_w0.4_cos,lg,1,0.2,0.02044187435501878,0.9995775623153184,0.072551799690593,0.5755308720818911,-0.8079495251719804,False,-1.0
lg_l1_w0.4_cos,lg,1,0.4,0.04088374871003756,0.99830460505602,0.072551799690593,0.5755308720818911,-1.611841231088862,False,-1.0
lg_l1_w0.4_f1.5_cos,lg,1,0.05,0.004929416330526642,0.9999770087481779,0.10095039798605626,0.6332404672085135,-0.21291501224329767,True,0.42106032106503244
lg_l1_w0.4_f1.5_cos,lg,1,0.1,0.009858832661053285,0.9999079598948323,0.10095039798605626,0.6332404672085135,-0.4258599512435346,True,0.37175580043176415
lg_l1_w0.4_f1.5_cos,lg,1,0.2,0.019717665322106573,0.9996316888475232,0.10095039798605626,0.6332404672085135,-0.8517736778937524,True,0.273126033164135
lg_l1_w0.4_f1.5_cos,lg,1,0.4,0.039435330644213146,0.9985274401742741,0.10095039798605626,0.6332404672085135,-1.7036965257934522,False,-1.0
lg_l1_w0.4_f2.0_cos,lg,1,0.05,0.004959679461655762,0.9999762887263094,0.0941707928787576,0.6156087203544067,-0.2221960272096979,True,0.4186218868022835
lg_l1_w0.4_f2.0_cos,lg,1,0.1,0.009919358923311526,0.9999050678679535,0.0941707928787576,0.6156087203544067,-0.4443625254148209,True,0.3690144090569726
lg_l1_w0.4_f2.0_cos,lg,1,0.2,0.019838717846623048,0.9996200343276523,0.0941707928787576,0.6156087203544067,-0.8885410031903573,True,0.2697780647928122
lg_l1_w0.4_f2.0_cos,lg,1,0.4,0.0396774356932461,0.9984792146950563,0.0941707928787576,0.6156087203544067,-1.7762798842025473,False,-1.0
lg_l1_w0.4_f2.5_cos,lg,1,0.05,0.004981976244687727,0.9999758205885931,0.0898391012353922,0.6043047323106197,-0.2238792290878422,True,0.41703332613937055
lg_l1_w0.4_f2.5_cos,lg,1,0.1,0.009963952489375453,0.9999031870303006,0.0898391012353922,0.6043047323106197,-0.4476902124592286,True,0.3672026686587494
lg_l1_w0.4_f2.5_cos,lg,1,0.2,0.01992790497875091,0.9996124454942734,0.0898391012353922,0.6043047323106197,-0.8950415104315601,True,0.26751953253459076
lg_l1_w0.4_f2.5_cos,lg,1,0.4,0.03985580995750182,0.9984478546860717,0.0898391012353922,0.6043047323106197,-1.7886614312947025,False,-1.0
lg_l1_w0.6_cos,lg,1,0.05,0.005631988974745315,0.9999681119522621,0.0730669741786661,0.697700320533672,-0.3255670679212619,True,0.47938457860339445
lg_l1_w0.6_cos,lg,1,0.1,0.011263977949490628,0.9998724383404168,0.0730669741786661,0.697700320533672,-0.6514386236595282,True,0.42305033781416446
lg_l1_w0.6_cos,lg,1,0.2,0.022527955898981253,0.9994901862017929,0.0730669741786661,0.697700320533672,-1.3040292669662445,False,-1.0
lg_l1_w0.6_cos,lg,1,0.4,0.045055911797962506,0.997966026163479,0.0730669741786661,0.697700320533672,-2.61260068090039,False,-1.0
lg_l1_w0.6_f1.5_cos,lg,1,0.05,0.005302876255290864,0.9999736001252474,0.14396677562808874,0.739175077874745,-0.46476232899703707,True,0.4307276702011145
lg_l1_w0.6_f1.5_cos,lg,1,0.1,0.010605752510581731,0.9998944131622476,0.14396677562808874,0.739175077874745,-0.9305734592514936,True,0.3776870296037559
lg_l1_w0.6_f1.5_cos,lg,1,0.2,0.021211505021163462,0.999578258806209,0.14396677562808874,0.739175077874745,-1.8652761919116356,False,-1.0
lg_l1_w0.6_f1.5_cos,lg,1,0.4,0.042423010042326924,0.9983205938721282,0.14396677562808874,0.739175077874745,-3.7470035458369244,False,-1.0
lg_l1_w0.6_f2.0_cos,lg,1,0.05,0.00529851279023674,0.9999730305969935,0.12916883002039642,0.7186097374261032,-0.4683076785279683,True,0.4265575995092786
lg_l1_w0.6_f2.0_cos,lg,1,0.1,0.010597025580473481,0.9998921369204622,0.12916883002039642,0.7186097374261032,-0.9375218153327314,True,0.3735603375554315
lg_l1_w0.6_f2.0_cos,lg,1,0.2,0.021194051160946966,0.9995691526930406,0.12916883002039642,0.7186097374261032,-1.8786035321518568,False,-1.0
lg_l1_w0.6_f2.0_cos,lg,1,0.4,0.042388102321893925,0.9982840833864512,0.12916883002039642,0.7186097374261032,-3.771380738628327,False,-1.0
lg_l1_w0.6_f2.5_cos,lg,1,0.05,0.005319411235563309,0.9999724887889698,0.11864847101935486,0.7099978517590937,-0.45778616884168954,True,0.42350314689287377
lg_l1_w0.6_f2.5_cos,lg,1,0.1,0.010638822471126616,0.9998899692149887,0.11864847101935486,0.7099978517590937,-0.9163767069804818,True,0.3702966566011435
lg_l1_w0.6_f2.5_cos,lg,1,0.2,0.021277644942253236,0.9995604740748798,0.11864847101935486,0.7099978517590937,-1.8359049595284116,False,-1.0
lg_l1_w0.6_f2.5_cos,lg,1,0.4,0.042555289884506464,0.9982492782987399,0.11864847101935486,0.7099978517590937,-3.6843501697054526,False,-1.0
lg_l1_w0.8_cos,lg,1,0.05,0.00588822113460816,0.9999658219214754,0.08547864045318596,0.7657069383986884,-0.38949182251653003,True,0.41091431739674866
lg_l1_w0.8_cos,lg,1,0.1,0.011776442269216317,0.9998634075828975,0.08547864045318596,0.7657069383986884,-0.7800411384569106,True,0.3520167438998804
lg_l1_w0.8_cos,lg,1,0.2,0.02355288453843263,0.9994551471139568,0.08547864045318596,0.7657069383986884,-1.5642463189885047,False,-1.0
lg_l1_w0.8_cos,lg,1,0.4,0.04710576907686528,0.9978381332388243,0.08547864045318596,0.7657069383986884,-3.1450828746547366,False,-1.0
lg_l1_w0.8_f1.5_cos,lg,1,0.05,0.005468204695922173,0.9999718456731046,0.18040005417291521,0.8153245370631466,-0.6262957958021786,True,0.5107968568615514
lg_l1_w0.8_f1.5_cos,lg,1,0.1,0.010936409391844346,0.9998874568333312,0.18040005417291521,0.8153245370631466,-1.2547145987240826,True,0.45610215157636363
lg_l1_w0.8_f1.5_cos,lg,1,0.2,0.021872818783688696,0.9995508392377189,0.18040005417291521,0.8153245370631466,-2.5178552943061927,False,-1.0
lg_l1_w0.8_f1.5_cos,lg,1,0.4,0.04374563756737739,0.9982144383071312,0.18040005417291521,0.8153245370631466,-5.069349044423643,False,-1.0
lg_l1_w0.8_f2.0_cos,lg,1,0.05,0.00543222997890606,0.9999716306663435,0.16299258910549494,0.7786555079288263,-0.6260556136287398,True,0.5058879797854854
lg_l1_w0.8_f2.0_cos,lg,1,0.1,0.01086445995781212,0.999886608168007,0.16299258910549494,0.7786555079288263,-1.2540509692249069,True,0.45155292662167423
lg_l1_w0.8_f2.0_cos,lg,1,0.2,0.02172891991562424,0.9995475103500457,0.16299258910549494,0.7786555079288263,-2.5157949746986707,False,-1.0
lg_l1_w0.8_f2.0_cos,lg,1,0.4,0.04345783983124848,0.9982019008814796,0.16299258910549494,0.7786555079288263,-5.062296162771851,False,-1.0
lg_l1_w0.8_f2.5_cos,lg,1,0.05,0.005448810763345813,0.9999712068573677,0.14944500967198654,0.7683430716430074,-0.606442642225935,True,0.5020774026042188
lg_l1_w0.8_f2.5_cos,lg,1,0.1,0.010897621526691628,0.9998849197613666,0.14944500967198654,0.7683430716430074,-1.2146852032872468,True,0.44757635190636047
lg_l1_w0.8_f2.5_cos,lg,1,0.2,0.021795243053383255,0.9995408071383497,0.14944500967198654,0.7683430716430074,-2.436504150295171,False,-1.0
lg_l1_w0.8_f2.5_cos,lg,1,0.4,0.04359048610676651,0.998175695792354,0.14944500967198654,0.7683430716430074,-4.901477343852512,False,-1.0
lg_l2_w0.4_cos,lg,2,0.05,0.010480934632826795,0.9999066415390055,0.14290874187255,0.9302580541529405,-0.26484498635230835,True,0.4541602867245439
lg_l2_w0.4_cos,lg,2,0.1,0.02096186926565359,0.9996255547963699,0.14290874187255,0.9302580541529405,-0.5322096199764648,False,-1.0
lg_l2_w0.4_cos,lg,2,0.2,0.041923738531307174,0.9984869569537191,0.14290874187255,0.9302580541529405,-1.1828760889980972,False,-1.0
lg_l2_w0.4_cos,lg,2,0.4,0.08384747706261435,0.9938856172347793,0.14290874187255,0.9302580541529405,-2.54401647139062,False,-1.0
lg_l2_w0.4_f1.5_cos,lg,2,0.05,0.011692887593603438,0.9998688411016653,0.1396064459056958,0.8755682743895159,-0.5700042938182381,True,0.4398422685653772
lg_l2_w0.4_f1.5_cos,lg,2,0.1,0.023385775187206873,0.9994734768088857,0.1396064459056958,0.8755682743895159,-1.1426152566917036,False,-1.0
lg_l2_w0.4_f1.5_cos,lg,2,0.2,0.04677155037441375,0.99788152820385,0.1396064459056958,0.8755682743895159,-2.2956571896044498,False,-1.0
lg_l2_w0.4_f1.5_cos,lg,2,0.4,0.0935431007488275,0.9914901651161571,0.1396064459056958,0.8755682743895159,-4.633021084093469,False,-1.0
lg_l2_w0.4_f2.0_cos,lg,2,0.05,0.011488203121582972,0.9998759137760479,0.14003221287260828,0.8981136989820483,-0.5252831889444032,True,0.4425602515432807
lg_l2_w0.4_f2.0_cos,lg,2,0.1,0.022976406243165944,0.9995019082170186,0.14003221287260828,0.8981136989820483,-1.0532168883558013,False,-1.0
lg_l2_w0.4_f2.0_cos,lg,2,0.2,0.04595281248633189,0.9979927611067783,0.14003221287260828,0.8981136989820483,-2.1170358185799376,False,-1.0
lg_l2_w0.4_f2.0_cos,lg,2,0.4,0.09190562497266377,0.9919222733215601,0.14003221287260828,0.8981136989820483,-4.3217243313704135,False,-1.0
lg_l2_w0.4_f2.5_cos,lg,2,0.05,0.011330922330443456,0.9998810662557066,0.14039177550385207,0.9050986641318448,-0.48765433455657536,True,0.3736876689945258
lg_l2_w0.4_f2.5_cos,lg,2,0.1,0.02266184466088691,0.9995226694564596,0.14039177550385207,0.9050986641318448,-0.9779675468353233,False,-1.0
lg_l2_w0.4_f2.5_cos,lg,2,0.2,0.04532368932177382,0.998074916359712,0.14039177550385207,0.9050986641318448,-1.966877197261141,False,-1.0
lg_l2_w0.4_f2.5_cos,lg,2,0.4,0.09064737864354765,0.9922450376421921,0.14039177550385207,0.9050986641318448,-4.09737168206743,False,-1.0
lg_l2_w0.6_cos,lg,2,0.05,0.013244849801945844,0.9998468888485713,0.13502478868435397,0.898158093596654,-0.41448554940848314,True,0.42373868481883203
lg_l2_w0.6_cos,lg,2,0.1,0.02648969960389169,0.9993861579344728,0.13502478868435397,0.898158093596654,-0.9418727679902927,False,-1.0
lg_l2_w0.6_cos,lg,2,0.2,0.05297939920778338,0.9975298956750626,0.13502478868435397,0.898158093596654,-2.060361026842883,False,-1.0
lg_l2_w0.6_cos,lg,2,0.4,0.10595879841556675,0.9901243010971502,0.13502478868435397,0.898158093596654,-4.3371067026670485,False,-1.0
lg_l2_w0.6_f1.5_cos,lg,2,0.05,0.01620676024206629,0.999748626042394,0.13300848902568432,0.7782184308030817,-1.0056984780848266,True,0.39060227451219426
lg_l2_w0.6_f1.5_cos,lg,2,0.1,0.03241352048413259,0.9989906523966445,0.13300848902568432,0.7782184308030817,-2.0194047068012866,False,-1.0
lg_l2_w0.6_f1.5_cos,lg,2,0.2,0.06482704096826518,0.9959414426485266,0.13300848902568432,0.7782184308030817,-4.0708404161290845,False,-1.0
lg_l2_w0.6_f1.5_cos,lg,2,0.4,0.12965408193653033,0.983808275154059,0.13300848902568432,0.7782184308030817,-8.269804842364437,False,-1.0
lg_l2_w0.6_f2.0_cos,lg,2,0.05,0.015699590233451435,0.9997642711334364,0.13292783944829883,0.7990742800353624,-0.9402206947417335,True,0.3961775551984598
lg_l2_w0.6_f2.0_cos,lg,2,0.1,0.03139918046690287,0.9990531058010185,0.13292783944829883,0.7990742800353624,-1.8886864984962282,False,-1.0
lg_l2_w0.6_f2.0_cos,lg,2,0.2,0.06279836093380574,0.996189972134335,0.13292783944829883,0.7990742800353624,-3.8960917447717014,False,-1.0
lg_l2_w0.6_f2.0_cos,lg,2,0.4,0.12559672186761148,0.9847721909091361,0.13292783944829883,0.7990742800353624,-7.952171755468185,False,-1.0
lg_l2_w0.6_f2.5_cos,lg,2,0.05,0.015314149359830739,0.999776925022294,0.13299450725975168,0.8139485749475166,-0.8732554275104443,True,0.4004223863436625
lg_l2_w0.6_f2.5_cos,lg,2,0.1,0.030628298719661485,0.9991039300790878,0.13299450725975168,0.8139485749475166,-1.7692378121541896,False,-1.0
lg_l2_w0.6_f2.5_cos,lg,2,0.2,0.06125659743932296,0.9963925853986206,0.13299450725975168,0.8139485749475166,-3.703876751224544,False,-1.0
lg_l2_w0.6_f2.5_cos,lg,2,0.4,0.12251319487864593,0.9855788718078,0.13299450725975168,0.8139485749475166,-7.579280695645685,False,-1.0
lg_l2_w0.8_cos,lg,2,0.05,0.01454038702998245,0.9998137924306681,0.1318238622199345,0.8296363152900165,-0.48390809088083575,True,0.4082650720020097
lg_l2_w0.8_cos,lg,2,0.1,0.029080774059964905,0.9992545506993493,0.1318238622199345,0.8296363152900165,-1.1351060521183731,False,-1.0
lg_l2_w0.8_cos,lg,2,0.2,0.05816154811992981,0.9970086379551508,0.1318238622199345,0.8296363152900165,-2.4492942711954235,False,-1.0
lg_l2_w0.8_cos,lg,2,0.4,0.11632309623985962,0.9880942340494404,0.1318238622199345,0.8296363152900165,-5.124839895757671,False,-1.0
lg_l2_w0.8_f1.5_cos,lg,2,0.05,0.018299552127428873,0.999679364482577,0.13098749790539252,0.729874614640374,-1.213126136051601,True,0.22652876700314578
lg_l2_w0.8_f1.5_cos,lg,2,0.1,0.036599104254857746,0.998712567305445,0.13098749790539252,0.729874614640374,-2.4377706737557014,False,-1.0
lg_l2_w0.8_f1.5_cos,lg,2,0.2,0.07319820850971549,0.9948296264148461,0.13098749790539252,0.729874614640374,-4.921614954121956,False,-1.0
lg_l2_w0.8_f1.5_cos,lg,2,0.4,0.14639641701943099,0.9794038765726943,0.13098749790539252,0.729874614640374,-10.032827374288566,False,-1.0
lg_l2_w0.8_f2.0_cos,lg,2,0.05,0.01766556927867374,0.999697894821221,0.13064594108786334,0.7472852451298776,-1.143211508485975,True,0.30393192971800376
lg_l2_w0.8_f2.0_cos,lg,2,0.1,0.03533113855734748,0.9987862650706051,0.13064594108786334,0.7472852451298776,-2.310191620456581,False,-1.0
lg_l2_w0.8_f2.0_cos,lg,2,0.2,0.07066227711469496,0.9951258151184916,0.13064594108786334,0.7472852451298776,-4.7798538356561115,False,-1.0
lg_l2_w0.8_f2.0_cos,lg,2,0.4,0.14132455422938991,0.9805600201839304,0.13064594108786334,0.7472852451298776,-9.781254820049723,False,-1.0
lg_l2_w0.8_f2.5_cos,lg,2,0.05,0.01718044450451093,0.999714357725596,0.13053436784276987,0.7596545979027097,-1.0632501702654062,True,0.3090669874033356
lg_l2_w0.8_f2.5_cos,lg,2,0.1,0.03436088900902186,0.9988525167358765,0.13053436784276987,0.7596545979027097,-2.1970686739661183,False,-1.0
lg_l2_w0.8_f2.5_cos,lg,2,0.2,0.06872177801804372,0.9953913706213638,0.13053436784276987,0.7596545979027097,-4.55757754953765,False,-1.0
lg_l2_w0.8_f2.5_cos,lg,2,0.4,0.13744355603608743,0.9816258767745741,0.13053436784276987,0.7596545979027097,-9.280077644289797,False,-1.0
lg_l3_w0.4_cos,lg,3,0.05,0.005048042588219475,0.9999777134837411,0.06392458288927975,0.4758308118179851,-0.266593762813061,True,0.327393147158136
lg_l3_w0.4_cos,lg,3,0.1,0.010096085176438953,0.9999111476523441,0.06392458288927975,0.4758308118179851,-0.5334103743802832,True,0.27690273640123164
lg_l3_w0.4_cos,lg,3,0.2,0.020192170352877906,0.999646626445631,0.06392458288927975,0.4758308118179851,-1.0677121437770332,False,-1.0
lg_l3_w0.4_cos,lg,3,0.4,0.040384340705755806,0.998603216429332,0.06392458288927975,0.4758308118179851,-2.138989867620311,False,-1.0
lg_l3_w0.4_f1.5_cos,lg,3,0.05,0.004846083715625627,0.9999775433184971,0.06395849216551458,0.47804918061333423,-0.1085545076780603,True,0.3294766468982303
lg_l3_w0.4_f1.5_cos,lg,3,0.1,0.009692167431251253,0.9999102674657661,0.06395849216551458,0.47804918061333423,-0.2177978765340649,True,0.28100571836406435
lg_l3_w0.4_f1.5_cos,lg,3,0.2,0.019384334862502503,0.9996414083106872,0.06395849216551458,0.47804918061333423,-0.43698812480124083,True,0.18404371517829002
lg_l3_w0.4_f1.5_cos,lg,3,0.4,0.038768669725005006,0.998568354235366,0.06395849216551458,0.47804918061333423,-0.8781826635566148,False,-1.0
lg_l3_w0.4_f2.0_cos,lg,3,0.05,0.004942280333120481,0.99997687853859,0.06394981249125521,0.47760002555763975,-0.14259392832967066,True,0.3285011822113385
lg_l3_w0.4_f2.0_cos,lg,3,0.1,0.009884560666240962,0.9999076888168176,0.06394981249125521,0.47760002555763975,-0.28541333343734543,True,0.2790680004218678
lg_l3_w0.4_f2.0_cos,lg,3,0.2,0.019769121332481925,0.9996316524725323,0.06394981249125521,0.47760002555763975,-0.5717285739866851,True,0.18018098830781537
lg_l3_w0.4_f2.0_cos,lg,3,0.4,0.03953824266496385,0.9985332890835633,0.06394981249125521,0.47760002555763975,-1.1470647764215691,False,-1.0
lg_l3_w0.4_f2.5_cos,lg,3,0.05,0.004988621168429169,0.9999766966048282,0.06394430943914652,0.4772904053281475,-0.17241543963728567,True,0.32802863029942286
lg_l3_w0.4_f2.5_cos,lg,3,0.1,0.00997724233685834,0.9999070086066313,0.06394430943914652,0.4772904053281475,-0.34505794030119663,True,0.27813196541540164
lg_l3_w0.4_f2.5_cos,lg,3,0.2,0.01995448467371668,0.9996293010536025,0.06394430943914652,0.4772904053281475,-0.691024124708739,True,0.17831788591386388
lg_l3_w0.4_f2.5_cos,lg,3,0.4,0.03990896934743336,0.9985263885554527,0.06394430943914652,0.4772904053281475,-1.3856812258432827,False,-1.0
lg_l3_w0.6_cos,lg,3,0.05,0.00759597613156781,0.9999498516278947,0.06388073725068587,0.47813495417313434,-0.39246880927912287,True,0.30195627459550595
lg_l3_w0.6_cos,lg,3,0.1,0.015191952263135623,0.9998005695890152,0.06388073725068587,0.47813495417313434,-0.785369517021528,True,0.22597412097399588
lg_l3_w0.6_cos,lg,3,0.2,0.030383904526271245,0.9992082790001425,0.06388073725068587,0.47813495417313434,-1.572466627896163,False,-1.0
lg_l3_w0.6_cos,lg,3,0.4,0.0607678090525425,0.9968874303885297,0.06388073725068587,0.47813495417313434,-3.1518436312049536,False,-1.0
lg_l3_w0.6_f1.5_cos,lg,3,0.05,0.007223377050683818,0.9999499122373104,0.06404300493248088,0.483478954316865,-0.19724573832293757,True,0.30585644141980023
lg_l3_w0.6_f1.5_cos,lg,3,0.1,0.014446754101367634,0.999799686468771,0.06404300493248088,0.483478954316865,-0.395411856384964,True,0.23360013704768118
lg_l3_w0.6_f1.5_cos,lg,3,0.2,0.028893508202735268,0.999198580183302,0.06404300493248088,0.483478954316865,-0.7931421587482168,False,-1.0
lg_l3_w0.6_f1.5_cos,lg,3,0.4,0.057787016405470536,0.9968020831968106,0.06404300493248088,0.483478954316865,-1.5941950284314998,False,-1.0
lg_l3_w0.6_f2.0_cos,lg,3,0.05,0.007399637668890826,0.9999476828386309,0.06400353109584657,0.4822679613237666,-0.1707338443733608,True,0.3040533575439422
lg_l3_w0.6_f2.0_cos,lg,3,0.1,0.01479927533778165,0.9997910583423677,0.06400353109584657,0.4822679613237666,-0.3419222101036956,True,0.23003348718059446
lg_l3_w0.6_f2.0_cos,lg,3,0.2,0.0295985506755633,0.9991658012516506,0.06400353109584657,0.4822679613237666,-0.6856625056352872,False,-1.0
lg_l3_w0.6_f2.0_cos,lg,3,0.4,0.0591971013511266,0.9966828835802347,0.06400353109584657,0.4822679613237666,-1.378597352982025,False,-1.0
lg_l3_w0.6_f2.5_cos,lg,3,0.05,0.0074856679774162995,0.9999470184923067,0.06397878530963026,0.4814827194204069,-0.2247259038981264,True,0.3031671373126008
lg_l3_w0.6_f2.5_cos,lg,3,0.1,0.014971335954832602,0.9997886269612556,0.06397878530963026,0.4814827194204069,-0.44990635251582756,True,0.22828669880878005
lg_l3_w0.6_f2.5_cos,lg,3,0.2,0.029942671909665205,0.9991574129095337,0.06397878530963026,0.4814827194204069,-0.901630883909954,False,-1.0
lg_l3_w0.6_f2.5_cos,lg,3,0.4,0.05988534381933041,0.9966598174684388,0.06397878530963026,0.4814827194204069,-1.8105344833330594,False,-1.0
lg_l3_w0.8_cos,lg,3,0.05,0.00848970161058058,0.9999375438788665,0.0638587217114648,0.47837042205304486,-0.43279208219226817,True,0.2930175564552165
lg_l3_w0.8_cos,lg,3,0.1,0.01697940322116116,0.9997516753590686,0.0638587217114648,0.47837042205304486,-0.8660702676212217,True,0.208092660071441
lg_l3_w0.8_cos,lg,3,0.2,0.03395880644232232,0.999016084546342,0.0638587217114648,0.47837042205304486,-1.7340849481892295,False,-1.0
lg_l3_w0.8_cos,lg,3,0.4,0.06791761288464464,0.9961353053948108,0.0638587217114648,0.47837042205304486,-3.475947548165892,False,-1.0
lg_l3_w0.8_f1.5_cos,lg,3,0.05,0.0080518029760043,0.9999377729972769,0.06408448376800685,0.48475981501525356,-0.23232648457085503,True,0.2976127525069316
lg_l3_w0.8_f1.5_cos,lg,3,0.1,0.016103605952008607,0.9997510342963545,0.06408448376800685,0.48475981501525356,-0.46564543366618416,True,0.21706671194175017
lg_l3_w0.8_f1.5_cos,lg,3,0.2,0.03220721190401721,0.999003555729349,0.06408448376800685,0.48475981501525356,-0.933897652452087,False,-1.0
lg_l3_w0.8_f1.5_cos,lg,3,0.4,0.06441442380803442,0.9960277277593346,0.06408448376800685,0.48475981501525356,-1.907099936997314,False,-1.0
lg_l3_w0.8_f2.0_cos,lg,3,0.05,0.008258077036906043,0.9999346387377629,0.06402956950416307,0.4832239278677083,-0.1716698576829323,True,0.2954974160143375
lg_l3_w0.8_f2.0_cos,lg,3,0.1,0.01651615407381209,0.9997388680531457,0.06402956950416307,0.4832239278677083,-0.34386319150156996,True,0.21288728004258442
lg_l3_w0.8_f2.0_cos,lg,3,0.2,0.03303230814762418,0.9989572235950489,0.06402956950416307,0.4832239278677083,-0.6898202875459392,False,-1.0
lg_l3_w0.8_f2.0_cos,lg,3,0.4,0.06606461629524836,0.9958541626333058,0.06402956950416307,0.4832239278677083,-1.3880161932633195,False,-1.0
lg_l3_w0.8_f2.5_cos,lg,3,0.05,0.008359288476292472,0.9999336922823684,0.06399535371548577,0.48225676597858097,-0.23549541655316641,True,0.29445242665776655
lg_l3_w0.8_f2.5_cos,lg,3,0.1,0.016718576952584947,0.999735392897824,0.06399535371548577,0.48225676597858097,-0.4715119096878828,True,0.21082979698716012
lg_l3_w0.8_f2.5_cos,lg,3,0.2,0.03343715390516989,0.9989452881792689,0.06399535371548577,0.48225676597858097,-0.9451081257022764,False,-1.0
lg_l3_w0.8_f2.5_cos,lg,3,0.4,0.06687430781033978,0.9958211826837124,0.06399535371548577,0.48225676597858097,-1.8985534767104628,False,-1.0
lg_l1_w0.6_f2.0_off0.2_cos,lg,1,0.05,0.005521622217035033,0.9999720128708831,0.1495301734934662,0.7903068815049638,-0.4961362604441355,True,0.431209117052618
lg_l1_w0.6_f2.0_off0.2_cos,lg,1,0.1,0.011043244434070069,0.9998882219382526,0.1495301734934662,0.7903068815049638,-0.9936601939019685,True,0.3759803262423731
lg_l1_w0.6_f2.0_off0.2_cos,lg,1,0.2,0.022086488868140138,0.9995550493545342,0.1495301734934662,0.7903068815049638,-1.992805148238097,False,-1.0
lg_l1_w0.6_f2.0_off0.2_cos,lg,1,0.4,0.044172977736280275,0.998240847482523,0.1495301734934662,0.7903068815049638,-4.007483406591961,False,-1.0
lg_l1_w0.6_f2.0_uni,lg,1,0.05,0.006856802769701831,0.9999541416346331,0.24566508936522705,1.0,-1.1422697434165352,True,0.5178413658894834
lg_l1_w0.6_f2.0_uni,lg,1,0.1,0.01371360553940366,0.9998167411175356,0.24566508936522705,1.0,-2.2917573006038694,True,0.44925272811490047
lg_l1_w0.6_f2.0_uni,lg,1,0.2,0.02742721107880733,0.9992689398144684,0.24566508936522705,1.0,-4.612319924670039,False,-1.0
lg_l1_w0.6_f2.0_uni,lg,1,0.4,0.05485442215761466,0.9970991852268032,0.24566508936522705,1.0,-9.339795211568159,False,-1.0
bessel_l1_kr4234_uni,bessel,1,0.05,0.011604673475282549,0.9998863637131407,0.24029010167872722,1.0238627891788563,-0.9259389416438113,True,0.4696053149532987
bessel_l1_kr4234_uni,bessel,1,0.1,0.0232093469505651,0.999544823526064,0.24029010167872722,1.0238627891788563,-1.8330361523166472,False,-1.0
bessel_l1_kr4234_uni,bessel,1,0.2,0.046418693901130195,0.9981842390739508,0.24029010167872722,1.0238627891788563,-3.589342307771215,False,-1.0
bessel_l1_kr4234_uni,bessel,1,0.4,0.09283738780226039,0.9927661927898807,0.24029010167872722,1.0238627891788563,-6.946752109804932,False,-1.0
bessel_l1_kr8468_uni,bessel,1,0.05,0.011070308279300157,0.9998928097121317,0.17412339673298355,0.9741839273417229,0.026893589046961264,True,0.38645560791195244
bessel_l1_kr8468_uni,bessel,1,0.1,0.022140616558600314,0.9995749182925341,0.17412339673298355,0.9741839273417229,0.0526433784861835,False,-1.0
bessel_l1_kr8468_uni,bessel,1,0.2,0.04428123311720063,0.9983388120392414,0.17412339673298355,0.9741839273417229,0.07019543204633827,False,-1.0
bessel_l1_kr8468_uni,bessel,1,0.4,0.08856246623440125,0.9935113894464216,0.17412339673298355,0.9741839273417229,-0.013272661956542642,False,-1.0
bessel_l1_kr12702_uni,bessel,1,0.05,0.004371498773829563,0.9999838289600148,0.1378744929317003,0.9570520741134313,-0.11847953521899601,True,0.5146775116914675
bessel_l1_kr12702_uni,bessel,1,0.1,0.008742997547659127,0.999935135778071,0.1378744929317003,0.9570520741134313,-0.23624857106832042,True,0.4709552199758802
bessel_l1_kr12702_uni,bessel,1,0.2,0.017485995095318254,0.9997390459991946,0.1378744929317003,0.9570520741134313,-0.4696551446583097,True,0.3834958310324575
bessel_l1_kr12702_uni,bessel,1,0.4,0.034971990190636515,0.9989469233111843,0.1378744929317003,0.9570520741134313,-1.043930142621985,False,-1.0
bessel_l2_kr4234_uni,bessel,2,0.05,0.031714742682347176,0.9990645564505276,0.13271366051471128,0.6411493460963174,-1.3710858587641983,False,-1.0
bessel_l2_kr4234_uni,bessel,2,0.1,0.06342948536469435,0.9962839174570337,0.13271366051471128,0.6411493460963174,-2.7663919741157006,False,-1.0
bessel_l2_kr4234_uni,bessel,2,0.2,0.1268589707293887,0.9851142740535354,0.13271366051471128,0.6411493460963174,-5.747963215482121,False,-1.0
bessel_l2_kr4234_uni,bessel,2,0.4,0.2537179414587774,0.9429091015474257,0.13271366051471128,0.6411493460963174,-11.987713048903913,False,-1.0
bessel_l2_kr8468_uni,bessel,2,0.05,0.02445525253692236,0.9994859194986636,0.1393565040597086,0.6590015763118456,0.11595567622165737,False,-1.0
bessel_l2_kr8468_uni,bessel,2,0.1,0.04891050507384472,0.9979900876282781,0.1393565040597086,0.6590015763118456,0.05449091969803588,False,-1.0
bessel_l2_kr8468_uni,bessel,2,0.2,0.09782101014768944,0.9919093479325628,0.1393565040597086,0.6590015763118456,-0.06884295800491103,False,-1.0
bessel_l2_kr8468_uni,bessel,2,0.4,0.1956420202953789,0.9677848942270564,0.1393565040597086,0.6590015763118456,-0.3171281720338204,False,-1.0
bessel_l2_kr12702_uni,bessel,2,0.05,0.010374197505532678,0.9999143409724838,0.1443890996564021,0.684656682420143,-0.264107681874437,True,0.32698438092599097
bessel_l2_kr12702_uni,bessel,2,0.1,0.020748395011065356,0.9996569432845704,0.1443890996564021,0.684656682420143,-0.5293094982808055,False,-1.0
bessel_l2_kr12702_uni,bessel,2,0.2,0.04149679002213071,0.9986203206861961,0.1443890996564021,0.684656682420143,-1.061632461711115,False,-1.0
bessel_l2_kr12702_uni,bessel,2,0.4,0.08299358004426143,0.994472489615896,0.1443890996564021,0.684656682420143,-2.1339557110417795,False,-1.0
bessel_l3_kr4234_uni,bessel,3,0.05,0.010103404951418777,0.9999161332966721,0.06466512106253024,0.49072189236936015,-0.4050537299828072,True,0.2773876980551796
bessel_l3_kr4234_uni,bessel,3,0.1,0.020206809902837554,0.9996633107972188,0.06466512106253024,0.49072189236936015,-0.8112630212359306,False,-1.0
bessel_l3_kr4234_uni,bessel,3,0.2,0.04041361980567511,0.9986511869924298,0.06466512106253024,0.49072189236936015,-1.6819831035344457,False,-1.0
bessel_l3_kr4234_uni,bessel,3,0.4,0.08082723961135022,0.9945929577295926,0.06466512106253024,0.49072189236936015,-3.48361060997171,False,-1.0
bessel_l3_kr8468_uni,bessel,3,0.05,0.005547995455412996,0.9999752712449457,0.06510821019457735,0.5289556535964665,-0.2707611643842034,True,0.3240172800211678
bessel_l3_kr8468_uni,bessel,3,0.1,0.011095990910825993,0.9999012670085152,0.06510821019457735,0.5289556535964665,-0.5418859317163571,True,0.26852622483157335
bessel_l3_kr8468_uni,bessel,3,0.2,0.022191981821651986,0.9996061750499624,0.06510821019457735,0.5289556535964665,-1.0852262752248265,False,-1.0
bessel_l3_kr8468_uni,bessel,3,0.4,0.04438396364330397,0.9984381623878588,0.06510821019457735,0.5289556535964665,-2.1762701976183685,False,-1.0
bessel_l3_kr12702_uni,bessel,3,0.05,0.002082254224094174,0.9999964950654858,0.0750741694459228,0.5677365250382048,-0.09260432178499478,True,0.38966440036715805
bessel_l3_kr12702_uni,bessel,3,0.1,0.00416450844818835,0.9999859677703491,0.0750741694459228,0.5677365250382048,-0.18568115273125407,True,0.3688402790319458
bessel_l3_kr12702_uni,bessel,3,0.2,0.008329016896376697,0.9999437739194191,0.0750741694459228,0.5677365250382048,-0.37182333750842567,True,0.32718886547242276
bessel_l3_kr12702_uni,bessel,3,0.4,0.016658033792753393,0.9997743690511449,0.0750741694459228,0.5677365250382048,-0.7440617986016917,True,0.24387328577841474
bessel_l1_kr8468_off0.2_uni,bessel,1,0.05,0.01107030827929791,0.999892809712132,0.17412339673296592,0.9741839273416958,0.026893589047960464,True,0.38645560791196987
bessel_l1_kr8468_off0.2_uni,bessel,1,0.1,0.02214061655859582,0.9995749182925338,0.17412339673296592,0.9741839273416958,0.052643378488248516,False,-1.0
bessel_l1_kr8468_off0.2_uni,bessel,1,0.2,0.04428123311719164,0.9983388120392414,0.17412339673296592,0.9741839273416958,0.07019543205080137,False,-1.0
bessel_l1_kr8468_off0.2_uni,bessel,1,0.4,0.08856246623438328,0.9935113894464229,0.17412339673296592,0.9741839273416958,-0.013272661947238973,False,-1.0
bessel_l1_kr8468_cos,bessel,1,0.05,0.0042478902115188595,0.9999831634975397,0.17353371960572772,0.8816224150276828,-0.25848382571553863,True,0.45223188456791164
bessel_l1_kr8468_cos,bessel,1,0.1,0.008495780423037717,0.9999327993200895,0.17353371960572772,0.8816224150276828,-0.5156367317385113,True,0.40974542782610546
bessel_l1_kr8468_cos,bessel,1,0.2,0.016991560846075438,0.999732587460999,0.17353371960572772,0.8816224150276828,-1.0245867117286034,True,0.32475759181686475
bessel_l1_kr8468_cos,bessel,1,0.4,0.033983121692150876,0.9989469856319498,0.17353371960572772,0.8816224150276828,-2.021063343485374,False,-1.0
bg_l1_w0.4_kr4234_cos,bg,1,0.05,0.002550824713237027,0.9999947058183473,0.11300195772186535,0.6957738945492913,-0.1335601585733981,True,0.3976613083954215
bg_l1_w0.4_kr4234_cos,bg,1,0.1,0.005101649426474052,0.9999788312173757,0.11300195772186535,0.6957738945492913,-0.26723031901840777,True,0.3721506800729056
bg_l1_w0.4_kr4234_cos,bg,1,0.2,0.010203298852948104,0.9999154003135828,0.11300195772186535,0.6957738945492913,-0.533537572545284,True,0.3211246711725961
bg_l1_w0.4_kr4234_cos,bg,1,0.4,0.020406597705896208,0.9996620354418011,0.11300195772186535,0.6957738945492913,-1.0620198101461087,False,-1.0
bg_l1_w0.6_kr4234_cos,bg,1,0.05,0.00335879752822937,0.9999909248280225,0.13858924234917014,0.7263783664270359,-0.2041358045476116,True,0.37779607695256867
bg_l1_w0.6_kr4234_cos,bg,1,0.1,0.006717595056458741,0.999963725318559,0.13858924234917014,0.7263783664270359,-0.4079609333280665,True,0.3442040217438554
bg_l1_w0.6_kr4234_cos,bg,1,0.2,0.01343519011291748,0.9998551229991748,0.13858924234917014,0.7263783664270359,-0.8133160906095283,True,0.27701178083136035
bg_l1_w0.6_kr4234_cos,bg,1,0.4,0.026870380225834968,0.9994222026835256,0.13858924234917014,0.7263783664270359,-1.6148460040537937,False,-1.0
bg_l1_w0.8_kr4234_cos,bg,1,0.05,0.0037722569078263986,0.999988562912999,0.1573894262684781,0.7695477602685926,-0.2470938969435732,True,0.5208617659325201
bg_l1_w0.8_kr4234_cos,bg,1,0.1,0.007544513815652798,0.9999542902385271,0.1573894262684781,0.7695477602685926,-0.4935039177980771,True,0.48313405595308534
bg_l1_w0.8_kr4234_cos,bg,1,0.2,0.015089027631305596,0.9998174769296314,0.1573894262684781,0.7695477602685926,-0.9829092582612997,True,0.40766839580022307
bg_l1_w0.8_kr4234_cos,bg,1,0.4,0.030178055262611192,0.9992729439617699,0.1573894262684781,0.7695477602685926,-1.9480611342050036,False,-1.0
bg_l1_w0.4_kr8468_cos,bg,1,0.05,0.0019683350570751886,0.999996401535073,0.13153438209532636,0.757667333940198,-0.15746726293768276,True,0.3821413885318456
bg_l1_w0.4_kr8468_cos,bg,1,0.1,0.003936670114150379,0.9999856238341986,0.13153438209532636,0.757667333940198,-0.3151281485441526,True,0.3624564213059625
bg_l1_w0.4_kr8468_cos,bg,1,0.2,0.007873340228300756,0.9999426706739679,0.13153438209532636,0.757667333940198,-0.6296677147848317,True,0.3230832771904241
bg_l1_w0.4_kr8468_cos,bg,1,0.4,0.015746680456601513,0.9997724005336462,0.13153438209532636,0.757667333940198,-1.255618027377814,True,0.24432433438636833
bg_l1_w0.6_kr8468_cos,bg,1,0.05,0.0027473945975739758,0.9999928401706815,0.15246215021469955,0.8062614809016746,-0.21178675449131656,True,0.46008637650742445
bg_l1_w0.6_kr8468_cos,bg,1,0.1,0.005494789195147949,0.9999714054500809,0.15246215021469955,0.8062614809016746,-0.4234058800327567,True,0.43260921532359464
bg_l1_w0.6_kr8468_cos,bg,1,0.2,0.0109895783902959,0.999886048287839,0.15246215021469955,0.8062614809016746,-0.8447781712877189,True,0.37764851979777886
bg_l1_w0.6_kr8468_cos,bg,1,0.4,0.0219791567805918,0.9995486647392575,0.15246215021469955,0.8062614809016746,-1.680058914485727,False,-1.0
bg_l1_w0.8_kr8468_cos,bg,1,0.05,0.003234970842027612,0.9999900936616163,0.16172377076212321,0.834000972028205,-0.2341730820962784,True,0.4582190945015476
bg_l1_w0.8_kr8468_cos,bg,1,0.1,0.006469941684055226,0.9999604441302601,0.16172377076212321,0.834000972028205,-0.4678634922803848,True,0.425864938651568
bg_l1_w0.8_kr8468_cos,bg,1,0.2,0.012939883368110448,0.9998424196454578,0.16172377076212321,0.834000972028205,-0.9324332239335265,True,0.36114781813829544
bg_l1_w0.8_kr8468_cos,bg,1,0.4,0.025879766736220895,0.9993770248846281,0.16172377076212321,0.834000972028205,-1.8503283323797026,False,-1.0
bg_l1_w0.4_kr12702_cos,bg,1,0.05,0.0011415742143189027,0.9999987886016684,0.1320041684229532,0.7841165459326466,0.00601032226227316,True,0.5411880319011156
bg_l1_w0.4_kr12702_cos,bg,1,0.1,0.0022831484286378067,0.9999951567848987,0.1320041684229532,0.7841165459326466,0.011544741467928166,True,0.5297717449854111
bg_l1_w0.4_kr12702_cos,bg,1,0.2,0.004566296857275613,0.999980645006599,0.1320041684229532,0.7841165459326466,0.022614875308391014,True,0.5069380839322881
bg_l1_w0.4_kr12702_cos,bg,1,0.4,0.009132593714551229,0.9999227167959861,0.1320041684229532,0.7841165459326466,0.04476032470633884,True,0.4612664261279401
bg_l1_w0.6_kr12702_cos,bg,1,0.05,0.0014400102994314454,0.9999981369881917,0.13807221717371784,0.8105941956621192,-0.049344057110634054,True,0.5403825267388968
bg_l1_w0.6_kr12702_cos,bg,1,0.1,0.002880020598862889,0.9999925520734816,0.13807221717371784,0.8105941956621192,-0.09874300133647651,True,0.5259815860073758
bg_l1_w0.6_kr12702_cos,bg,1,0.2,0.00576004119772578,0.9999702448204926,0.13807221717371784,0.8105941956621192,-0.19763961951331233,True,0.4971780339307985
bg_l1_w0.6_kr12702_cos,bg,1,0.4,0.01152008239545156,0.9998812286416475,0.13807221717371784,0.8105941956621192,-0.395827774766766,True,0.43956426952671396
bg_l1_w0.8_kr12702_cos,bg,1,0.05,0.0016063402635846694,0.9999976974021851,0.13895225674743253,0.8208037381465642,-0.0879061916353896,True,0.4684837314963486
bg_l1_w0.8_kr12702_cos,bg,1,0.1,0.0032126805271693384,0.9999907936876182,0.13895225674743253,0.8208037381465642,-0.17587831315752922,True,0.45241929330331687
bg_l1_w0.8_kr12702_cos,bg,1,0.2,0.0064253610543386795,0.9999632172663067,0.13895225674743253,0.8208037381465642,-0.35195441424116236,True,0.4202883515684267
bg_l1_w0.8_kr12702_cos,bg,1,0.4,0.012850722108677355,0.9998531256158488,0.13895225674743253,0.8208037381465642,-0.7046340485655112,True,0.3560182272774713
bg_l2_w0.4_kr4234_cos,bg,2,0.05,0.003667393205380235,0.9999860139025597,0.1444200352988674,0.825128098922432,-0.23734230015983737,True,0.44934650321070446
bg_l2_w0.4_kr4234_cos,bg,2,0.1,0.0073347864107604676,0.9999440056921673,0.1444200352988674,0.825128098922432,-0.4754240668868759,True,0.41266626992534333
bg_l2_w0.4_kr4234_cos,bg,2,0.2,0.014669572821520933,0.9997756114748494,0.1444200352988674,0.825128098922432,-0.9524429270642454,True,0.339293146685141
bg_l2_w0.4_kr4234_cos,bg,2,0.4,0.029339145643041867,0.9991005538360662,0.1444200352988674,0.825128098922432,-1.9099019543120432,False,-1.0
bg_l2_w0.6_kr4234_cos,bg,2,0.05,0.006232713547126858,0.9999612466972557,0.14029728461806934,0.8041322564554368,-0.39604010651064225,True,0.42213400098056825
bg_l2_w0.6_kr4234_cos,bg,2,0.1,0.012465427094253715,0.9998447734383193,0.14029728461806934,0.8041322564554368,-0.7934979137936615,True,0.3597893945204592
bg_l2_w0.6_kr4234_cos,bg,2,0.2,0.024930854188507427,0.9993780101679175,0.14029728461806934,0.8041322564554368,-1.5913035576985646,False,-1.0
bg_l2_w0.6_kr4234_cos,bg,2,0.4,0.049861708377014854,0.9975172856836259,0.14029728461806934,0.8041322564554368,-3.1984749628640285,False,-1.0
bg_l2_w0.8_kr4234_cos,bg,2,0.05,0.007858937663269106,0.9999394000418702,0.13835517100896236,0.7783969111527428,-0.48804718459722896,True,0.40473957078599393
bg_l2_w0.8_kr4234_cos,bg,2,0.1,0.015717875326538216,0.9997572479497228,0.13835517100896236,0.7783969111527428,-0.9781614913994874,True,0.32612287133948065
bg_l2_w0.8_kr4234_cos,bg,2,0.2,0.03143575065307643,0.9990279098279429,0.13835517100896236,0.7783969111527428,-1.9632283986405374,False,-1.0
bg_l2_w0.8_kr4234_cos,bg,2,0.4,0.06287150130615286,0.9961342988066617,0.13835517100896236,0.7783969111527428,-3.9642030879013523,False,-1.0
bg_l2_w0.4_kr8468_cos,bg,2,0.05,0.0028188206156336683,0.9999938544194102,0.14396765043679485,0.7950922660295044,-0.012057967999967723,True,0.4052056041273523
bg_l2_w0.4_kr8468_cos,bg,2,0.1,0.005637641231267339,0.9999753984580706,0.14396765043679485,0.7950922660295044,-0.02456172688674041,True,0.37701462957681464
bg_l2_w0.4_kr8468_cos,bg,2,0.2,0.011275282462534677,0.9999014261260079,0.14396765043679485,0.7950922660295044,-0.04947761272138251,True,0.32062712141433186
bg_l2_w0.4_kr8468_cos,bg,2,0.4,0.022550564925069353,0.9996046302213974,0.14396765043679485,0.7950922660295044,-0.09894285663543112,False,-1.0
bg_l2_w0.6_kr8468_cos,bg,2,0.05,0.004730226334671599,0.9999819638109679,0.141509727559431,0.74872181748275,0.0703618879456025,True,0.3653691523145462
bg_l2_w0.6_kr8468_cos,bg,2,0.1,0.0094604526693432,0.9999279157063593,0.141509727559431,0.74872181748275,0.14033178880047403,True,0.3180587817521389
bg_l2_w0.6_kr8468_cos,bg,2,0.2,0.0189209053386864,0.9997118835952722,0.141509727559431,0.74872181748275,0.28052463383719806,True,0.22342185024204386
bg_l2_w0.6_kr8468_cos,bg,2,0.4,0.03784181067737279,0.9988519501309128,0.141509727559431,0.74872181748275,0.483278237970175,False,-1.0
bg_l2_w0.8_kr8468_cos,bg,2,0.05,0.0059717465334668506,0.9999707995852454,0.14053949653961234,0.7255693364330666,0.1304050346071839,True,0.37107777500968914
bg_l2_w0.8_kr8468_cos,bg,2,0.1,0.011943493066933701,0.9998834125794258,0.14053949653961234,0.7255693364330666,0.2604711664377035,True,0.3113472016241477
bg_l2_w0.8_kr8468_cos,bg,2,0.2,0.0238869861338674,0.999534801470108,0.14053949653961234,0.7255693364330666,0.5062625352497019,False,-1.0
bg_l2_w0.8_kr8468_cos,bg,2,0.4,0.047773972267734804,0.9981565509458789,0.14053949653961234,0.7255693364330666,0.8329125140198568,False,-1.0
bg_l2_w0.4_kr12702_cos,bg,2,0.05,0.0015072171073130971,0.9999976008882969,0.14685878664250882,0.8186234327125728,0.017351563543477333,True,0.41963326439939624
bg_l2_w0.4_kr12702_cos,bg,2,0.1,0.003014434214626195,0.9999904089366075,0.14685878664250882,0.8186234327125728,0.03472503885106892,True,0.4045600145335118
bg_l2_w0.4_kr12702_cos,bg,2,0.2,0.006028868429252389,0.9999616922208163,0.14685878664250882,0.8186234327125728,0.06960365637953547,True,0.3744113648798812
bg_l2_w0.4_kr12702_cos,bg,2,0.4,0.012057736858504779,0.9998475154515674,0.14685878664250882,0.8186234327125728,0.1398875590893356,True,0.31410555407196994
bg_l2_w0.6_kr12702_cos,bg,2,0.05,0.002189559502878698,0.9999949765999819,0.14581546218642052,0.7889349422379734,-0.003845648782374589,True,0.46357021244511004
bg_l2_w0.6_kr12702_cos,bg,2,0.1,0.0043791190057574005,0.9999799209306214,0.14581546218642052,0.7889349422379734,-0.007708952090590415,True,0.4416723590659189
bg_l2_w0.6_kr12702_cos,bg,2,0.2,0.0087582380115148,0.999919821257021,0.14581546218642052,0.7889349422379734,-0.015488522284634598,True,0.39787215405730486
bg_l2_w0.6_kr12702_cos,bg,2,0.4,0.0175164760230296,0.9996817581466734,0.14581546218642052,0.7889349422379734,-0.05890650574058576,True,0.31025406447560466
bg_l2_w0.8_kr12702_cos,bg,2,0.05,0.0026116695394803858,0.9999931909538502,0.14549161474701777,0.7683677733161811,-0.02842994554355105,True,0.4587537031492779
bg_l2_w0.8_kr12702_cos,bg,2,0.1,0.005223339078960773,0.9999728052739125,0.14549161474701777,0.7683677733161811,-0.056887758905399544,True,0.43263394990248333
bg_l2_w0.8_kr12702_cos,bg,2,0.2,0.010446678157921547,0.9998916100925083,0.14549161474701777,0.7683677733161811,-0.11388698908449957,True,0.380388379835665
bg_l2_w0.8_kr12702_cos,bg,2,0.4,0.02089335631584309,0.9995717084317939,0.14549161474701777,0.7683677733161811,-0.22821986326360122,False,-1.0
bg_l3_w0.4_kr4234_cos,bg,3,0.05,0.0007193301822232086,0.9999995515582235,0.0673206554489549,0.4814264192427156,-0.036844317317807906,True,0.3716724552548081
bg_l3_w0.4_kr4234_cos,bg,3,0.1,0.0014386603644464158,0.9999982059511063,0.0673206554489549,0.4814264192427156,-0.07417064518513428,True,0.36447895159150845
bg_l3_w0.4_kr4234_cos,bg,3,0.2,0.0028773207288928333,0.9999928215670231,0.0673206554489549,0.4814264192427156,-0.14884032796915747,True,0.3500915402894318
bg_l3_w0.4_kr4234_cos,bg,3,0.4,0.005754641457785665,0.9999712696394932,0.0673206554489549,0.4814264192427156,-0.29824780173495213,True,0.321315100211374
bg_l3_w0.6_kr4234_cos,bg,3,0.05,0.001502864150866601,0.9999980925942242,0.0657509608616453,0.4782915084980649,-0.08027512138393256,True,0.3633661003083306
bg_l3_w0.6_kr4234_cos,bg,3,0.1,0.003005728301733199,0.9999923677062823,0.0657509608616453,0.4782915084980649,-0.1610471545884451,True,0.3483366000664733
bg_l3_w0.6_kr4234_cos,bg,3,0.2,0.006011456603466401,0.9999694508404837,0.0657509608616453,0.4782915084980649,-0.32265295186038045,True,0.3182758795192715
bg_l3_w0.6_kr4234_cos,bg,3,0.4,0.012022913206932802,0.999877686161313,0.0657509608616453,0.4782915084980649,-0.6461114698554038,True,0.2581475487827319
bg_l3_w0.8_kr4234_cos,bg,3,0.05,0.0020463419398084686,0.9999964982096164,0.06534430498975516,0.48057813488451706,-0.10863969851095945,True,0.3578865849529095
bg_l3_w0.8_kr4234_cos,bg,3,0.1,0.00409268387961694,0.9999859860801719,0.06534430498975516,0.48057813488451706,-0.21779171522195995,True,0.3374215887354081
bg_l3_w0.8_kr4234_cos,bg,3,0.2,0.008185367759233876,0.9999438957768771,0.06534430498975516,0.48057813488451706,-0.43620369864485475,True,0.2964884363937445
bg_l3_w0.8_kr4234_cos,bg,3,0.4,0.016370735518467756,0.9997753476089777,0.06534430498975516,0.48057813488451706,-0.8734594654941086,True,0.21460947657622081
bg_l3_w0.4_kr8468_cos,bg,3,0.05,0.0004753609716265851,0.9999997822490009,0.0723876692279955,0.5111775330485481,-0.0005716652490717067,True,0.3761227132542968
bg_l3_w0.4_kr8468_cos,bg,3,0.1,0.0009507219432531675,0.9999991289620646,0.0723876692279955,0.5111775330485481,-0.0016182639812623023,True,0.3713690055449905
bg_l3_w0.4_kr8468_cos,bg,3,0.2,0.0019014438865063337,0.9999965156432039,0.0723876692279955,0.5111775330485481,-0.003707257295859634,True,0.3618613941146298
bg_l3_w0.4_kr8468_cos,bg,3,0.4,0.003802887773012669,0.9999860618983666,0.0723876692279955,0.5111775330485481,-0.007868427325785632,True,0.34284538718784086
bg_l3_w0.6_kr8468_cos,bg,3,0.05,0.0009068961594386159,0.9999992032091831,0.06597983265148061,0.49052939323533884,0.008863694061456151,True,0.369689111880745
bg_l3_w0.6_kr8468_cos,bg,3,0.1,0.0018137923188772309,0.999996812758841,0.06597983265148061,0.49052939323533884,0.017703533905411017,True,0.3606197917188075
bg_l3_w0.6_kr8468_cos,bg,3,0.2,0.0036275846377544618,0.9999872511902135,0.06597983265148061,0.49052939323533884,0.035377582561924026,True,0.34248043429474107
bg_l3_w0.6_kr8468_cos,bg,3,0.4,0.007255169275508923,0.9999490187001983,0.06597983265148061,0.49052939323533884,0.07070315574891906,True,0.30619885304369415
bg_l3_w0.8_kr8468_cos,bg,3,0.05,0.0011984311446749283,0.9999986274258987,0.06470471386258463,0.48785481960428567,-0.0004224432108346221,True,0.36638803162288885
bg_l3_w0.8_kr8468_cos,bg,3,0.1,0.00239686228934986,0.999994509891638,0.06470471386258463,0.48785481960428567,-0.0008729274511454221,True,0.35440310254600044
bg_l3_w0.8_kr8468_cos,bg,3,0.2,0.004793724578699717,0.9999780430884053,0.06470471386258463,0.48785481960428567,-0.0017920873998322762,True,0.33043200963201697
bg_l3_w0.8_kr8468_cos,bg,3,0.4,0.009587449157399432,0.9999122252057057,0.06470471386258463,0.48785481960428567,-0.0037031731688230707,True,0.2824848911626148
bg_l3_w0.4_kr12702_cos,bg,3,0.05,0.00028780960549786835,0.9999999293772983,0.06666385457387351,0.538872078448083,-0.0077170523662184465,True,0.4047851718171276
bg_l3_w0.4_kr12702_cos,bg,3,0.1,0.0005756192109957357,0.9999997175239639,0.06666385457387351,0.538872078448083,-0.0154342015854958,True,0.4019070439841488
bg_l3_w0.4_kr12702_cos,bg,3,0.2,0.0011512384219914719,0.9999988702111033,0.06666385457387351,0.538872078448083,-0.030868790583449268,True,0.3961507247772623
bg_l3_w0.4_kr12702_cos,bg,3,0.4,0.002302476843982943,0.9999954816892846,0.06666385457387351,0.538872078448083,-0.06173913081644056,True,0.38463783227907483
bg_l3_w0.6_kr12702_cos,bg,3,0.05,0.0003901250572850165,0.9999998728477499,0.05413161209779154,0.5522475370966731,-0.0183995372449397,True,0.4527271436875223
bg_l3_w0.6_kr12702_cos,bg,3,0.1,0.000780250114570034,0.9999994914733709,0.05413161209779154,0.5522475370966731,-0.03679948950061629,True,0.4488258359085152
bg_l3_w0.6_kr12702_cos,bg,3,0.2,0.0015605002291400674,0.9999979665932481,0.05413161209779154,0.5522475370966731,-0.07360063904371383,True,0.44102310603079653
bg_l3_w0.6_kr12702_cos,bg,3,0.4,0.0031210004582801344,0.9999918726358515,0.05413161209779154,0.5522475370966731,-0.1472079182579744,True,0.42541718964578634
bg_l3_w0.8_kr12702_cos,bg,3,0.05,0.0004489511454641949,0.9999998247133614,0.05350005231605493,0.5718540963003486,-0.020386942753281012,True,0.3731818277388847
bg_l3_w0.8_kr12702_cos,bg,3,0.1,0.0008979022909283905,0.9999992989716512,0.05350005231605493,0.5718540963003486,-0.04077509819988556,True,0.36869223742298624
bg_l3_w0.8_kr12702_cos,bg,3,0.2,0.0017958045818567841,0.9999971968726473,0.05350005231605493,0.5718540963003486,-0.08155504717293205,True,0.3597128991988517
bg_l3_w0.8_kr12702_cos,bg,3,0.4,0.003591609163713566,0.9999887960951815,0.05350005231605493,0.5718540963003486,-0.1631294974384856,True,0.341753593263664
bg_l1_w0.6_kr4234_off0.2_cos,bg,1,0.05,0.003358797528229377,0.9999909248280225,0.13858924234922268,0.7263783664275489,-0.20413580454727853,True,0.37779607695259454
bg_l1_w0.6_kr4234_off0.2_cos,bg,1,0.1,0.006717595056458754,0.9999637253185593,0.13858924234922268,0.7263783664275489,-0.4079609333275114,True,0.3442040217438813
bg_l1_w0.6_kr4234_off0.2_cos,bg,1,0.2,0.01343519011291751,0.9998551229991752,0.13858924234922268,0.7263783664275489,-0.8133160906082626,True,0.2770117808313861
bg_l1_w0.6_kr4234_off0.2_cos,bg,1,0.4,0.02687038022583502,0.9994222026835254,0.13858924234922268,0.7263783664275489,-1.6148460040512624,False,-1.0
plastic_l1_f1.5_cos,plastic,1,0.05,0.004442884215641857,0.9999812218084848,0.15732632327904825,0.7760587283446719,-0.40927042728879925,True,0.39182690300407413
plastic_l1_f1.5_cos,plastic,1,0.1,0.008885768431283712,0.9999248762184291,0.15732632327904825,0.7760587283446719,-0.8194061423024701,True,0.3473896090091472
plastic_l1_f1.5_cos,plastic,1,0.2,0.017771536862567425,0.9996996619351608,0.15732632327904825,0.7760587283446719,-1.6422075038836637,True,0.25849814255381987
plastic_l1_f1.5_cos,plastic,1,0.4,0.03554307372513485,0.9988018194816504,0.15732632327904825,0.7760587283446719,-3.2979299532615913,False,-1.0
plastic_l1_f1.5_off0.2_cos,plastic,1,0.05,0.0047963131679693944,0.9999795030090424,0.17403631981046053,0.7863098037550745,-0.4641211239124088,True,0.5152006188181544
plastic_l1_f1.5_off0.2_cos,plastic,1,0.1,0.009592626335938789,0.9999180924362344,0.17403631981046053,0.7863098037550745,-0.9295225188198142,True,0.46722827555253926
plastic_l1_f1.5_off0.2_cos,plastic,1,0.2,0.019185252671877578,0.9996734854302521,0.17403631981046053,0.7863098037550745,-1.8641001899986298,True,0.37126532114225397
plastic_l1_f1.5_off0.2_cos,plastic,1,0.4,0.038370505343755155,0.9987063042661461,0.17403631981046053,0.7863098037550745,-3.7639447986809627,False,-1.0
plastic_l1_f2.0_cos,plastic,1,0.05,0.0043865543241653916,0.999981308007466,0.14129631634789594,0.732109695107714,-0.4121723547098277,True,0.4390477963054781
plastic_l1_f2.0_cos,plastic,1,0.1,0.008773108648330785,0.9999252273551897,0.14129631634789594,0.732109695107714,-0.8250889271069095,True,0.39517384096598274
plastic_l1_f2.0_cos,plastic,1,0.2,0.017546217296661573,0.9997010998359336,0.14129631634789594,0.732109695107714,-1.6530887933420502,True,0.3074091353547864
plastic_l1_f2.0_cos,plastic,1,0.4,0.03509243459332314,0.9988077508045565,0.14129631634789594,0.732109695107714,-3.317755411576373,False,-1.0
plastic_l1_f2.0_off0.2_cos,plastic,1,0.05,0.004586961470032449,0.9999804685792627,0.15816841186519387,0.7920402024848593,-0.4380280058484898,True,0.4427598854963301
plastic_l1_f2.0_off0.2_cos,plastic,1,0.1,0.009173922940064898,0.9999219533426138,0.15816841186519387,0.7920402024848593,-0.8771499835171337,True,0.3968814935105082
plastic_l1_f2.0_off0.2_cos,plastic,1,0.2,0.018347845880129797,0.9996888848109438,0.15816841186519387,0.7920402024848593,-1.758609922693788,True,0.3051073038301088
plastic_l1_f2.0_off0.2_cos,plastic,1,0.4,0.036695691760259594,0.9987689365836068,0.15816841186519387,0.7920402024848593,-3.5343937364048283,False,-1.0
plastic_l1_f2.5_cos,plastic,1,0.05,0.004381697198656887,0.9999811595508419,0.128914857513426,0.7176430572164706,-0.40113220170474584,True,0.43563931463617095
plastic_l1_f2.5_cos,plastic,1,0.1,0.008763394397313773,0.9999246358701449,0.128914857513426,0.7176430572164706,-0.8029201932973962,True,0.3918138640974975
plastic_l1_f2.5_cos,plastic,1,0.2,0.017526788794627542,0.9996987492112174,0.128914857513426,0.7176430572164706,-1.608397614525492,True,0.3041460371255207
plastic_l1_f2.5_cos,plastic,1,0.4,0.03505357758925509,0.9987984637456685,0.128914857513426,0.7176430572164706,-3.2269582091527527,False,-1.0
plastic_l1_f2.5_off0.2_cos,plastic,1,0.05,0.004504338303420567,0.9999806976962047,0.1437828233003487,0.7937657129244777,-0.4132660118850717,True,0.5107435702684241
plastic_l1_f2.5_off0.2_cos,plastic,1,0.1,0.009008676606841133,0.9999228663497981,0.1437828233003487,0.7937657129244777,-0.8274848566669268,True,0.46569151253225743
plastic_l1_f2.5_off0.2_cos,plastic,1,0.2,0.018017353213682266,0.9996924761311078,0.1437828233003487,0.7937657129244777,-1.6587151133003353,True,0.3755701879310426
plastic_l1_f2.5_off0.2_cos,plastic,1,0.4,0.03603470642736453,0.9987824888232956,0.1437828233003487,0.7937657129244777,-3.332345894845523,False,-1.0
plastic_l2_f1.5_cos,plastic,2,0.05,0.010893742786028194,0.9998886080958276,0.13576778242964538,0.8003076539102928,-0.583570860177618,True,0.4449955003092608
plastic_l2_f1.5_cos,plastic,2,0.1,0.021787485572056387,0.9995536244745458,0.13576778242964538,0.8003076539102928,-1.1698980901016398,False,-1.0
plastic_l2_f1.5_cos,plastic,2,0.2,0.043574971144112774,0.9982045067132848,0.13576778242964538,0.8003076539102928,-2.350821659189073,False,-1.0
plastic_l2_f1.5_cos,plastic,2,0.4,0.08714994228822555,0.9927779709295084,0.13576778242964538,0.8003076539102928,-4.7457452343213635,False,-1.0
plastic_l2_f1.5_off0.2_cos,plastic,2,0.05,0.010396023487399386,0.9998975040733176,0.13532901363879385,0.7662039668445285,-0.6478660811366499,True,0.32653725617865653
plastic_l2_f1.5_off0.2_cos,plastic,2,0.1,0.02079204697479877,0.999589264075451,0.13532901363879385,0.7662039668445285,-1.298548997321447,False,-1.0
plastic_l2_f1.5_off0.2_cos,plastic,2,0.2,0.04158409394959755,0.9983500657676774,0.13532901363879385,0.7662039668445285,-2.6083653348355718,False,-1.0
plastic_l2_f1.5_off0.2_cos,plastic,2,0.4,0.0831681878991951,0.9933751864709948,0.13532901363879385,0.7662039668445285,-5.261800030441655,False,-1.0
plastic_l2_f2.0_cos,plastic,2,0.05,0.01054062932292751,0.9998962641086148,0.1358090771574277,0.8269385151010408,-0.5464623927281087,True,0.4492038785539
plastic_l2_f2.0_cos,plastic,2,0.1,0.02108125864585502,0.9995846164655164,0.1358090771574277,0.8269385151010408,-1.095777406979015,False,-1.0
plastic_l2_f2.0_cos,plastic,2,0.2,0.04216251729171004,0.9983272552587831,0.1358090771574277,0.8269385151010408,-2.2029653000491756,False,-1.0
plastic_l2_f2.0_cos,plastic,2,0.4,0.08432503458342008,0.9932673297599722,0.1358090771574277,0.8269385151010408,-4.524007084770965,False,-1.0
plastic_l2_f2.0_off0.2_cos,plastic,2,0.05,0.010278701730110026,0.9999006038364532,0.1350869579392367,0.7814644765721649,-0.5883002326584119,True,0.45050642467348095
plastic_l2_f2.0_off0.2_cos,plastic,2,0.1,0.02055740346022005,0.9996018947173225,0.1350869579392367,0.7814644765721649,-1.1795665078985662,False,-1.0
plastic_l2_f2.0_off0.2_cos,plastic,2,0.2,0.041114806920440096,0.998398118946546,0.1350869579392367,0.7814644765721649,-2.37099718612388,False,-1.0
plastic_l2_f2.0_off0.2_cos,plastic,2,0.4,0.08222961384088019,0.9935530820639121,0.1350869579392367,0.7814644765721649,-4.7894510535550605,False,-1.0
plastic_l2_f2.5_cos,plastic,2,0.05,0.010270538367283612,0.999902147179532,0.1359879533649753,0.8462000295021601,-0.5088196858481941,True,0.4524319274828915
plastic_l2_f2.5_cos,plastic,2,0.1,0.020541076734567225,0.9996082937945606,0.1359879533649753,0.8462000295021601,-1.0205226019469826,False,-1.0
plastic_l2_f2.5_cos,plastic,2,0.2,0.04108215346913445,0.9984219604684904,0.1359879533649753,0.8462000295021601,-2.0761667294799446,False,-1.0
plastic_l2_f2.5_cos,plastic,2,0.4,0.0821643069382689,0.993646227063696,0.1359879533649753,0.8462000295021601,-4.3142710358233805,False,-1.0
plastic_l2_f2.5_off0.2_cos,plastic,2,0.05,0.010121487342781168,0.999904288123009,0.13519239471864808,0.7999987397221722,-0.5389759602414612,True,0.452568836963356
plastic_l2_f2.5_off0.2_cos,plastic,2,0.1,0.020242974685562336,0.9996167540691301,0.13519239471864808,0.7999987397221722,-1.0809669506813835,False,-1.0
plastic_l2_f2.5_off0.2_cos,plastic,2,0.2,0.04048594937112467,0.9984567309829492,0.13519239471864808,0.7999987397221722,-2.1739940221561005,False,-1.0
plastic_l2_f2.5_off0.2_cos,plastic,2,0.4,0.08097189874224935,0.993785926491974,0.13519239471864808,0.7999987397221722,-4.4443748821280105,False,-1.0
plastic_l3_f1.5_cos,plastic,3,0.05,0.003520510374937939,0.9999881556336437,0.06438070397067792,0.47959612041760474,-0.0774211670331093,True,0.3428781985987767
plastic_l3_f1.5_cos,plastic,3,0.1,0.007041020749875879,0.9999526554989734,0.06438070397067792,0.47959612041760474,-0.15541304022494984,True,0.3076677698291968
plastic_l3_f1.5_cos,plastic,3,0.2,0.014082041499751757,0.9998108026860965,0.06438070397067792,0.47959612041760474,-0.3117458321069133,True,0.2372362844085065
plastic_l3_f1.5_cos,plastic,3,0.4,0.028164082999503518,0.999243951529978,0.06438070397067792,0.47959612041760474,-0.6258075978633926,False,-1.0
plastic_l3_f1.5_off0.2_cos,plastic,3,0.05,0.004036579208285453,0.999985496660468,0.09463595635279813,0.677699063055829,-0.026746141434119686,True,0.35881214184350146
plastic_l3_f1.5_off0.2_cos,plastic,3,0.1,0.00807315841657091,0.9999420177294314,0.09463595635279813,0.677699063055829,-0.05342341997174316,True,0.3184398279209914
plastic_l3_f1.5_off0.2_cos,plastic,3,0.2,0.01614631683314182,0.9997684219219785,0.09463595635279813,0.677699063055829,-0.10657138835781232,True,0.23768220438416432
plastic_l3_f1.5_off0.2_cos,plastic,3,0.4,0.03229263366628364,0.9990832518552379,0.09463595635279813,0.677699063055829,-0.34677562769989123,False,-1.0
plastic_l3_f2.0_cos,plastic,3,0.05,0.0036220704641236113,0.9999875713290569,0.0642665564293407,0.47871275882729974,-0.1039866653501198,True,0.3418118891361401
plastic_l3_f2.0_cos,plastic,3,0.1,0.007244140928247223,0.9999503439690395,0.0642665564293407,0.47871275882729974,-0.2080840183396715,True,0.3055856003909014
plastic_l3_f2.0_cos,plastic,3,0.2,0.014488281856494444,0.9998018248086878,0.0642665564293407,0.47871275882729974,-0.4166107872372038,True,0.23312191323437642
plastic_l3_f2.0_cos,plastic,3,0.4,0.02897656371298889,0.9992096511239312,0.0642665564293407,0.47871275882729974,-0.8349925767058064,False,-1.0
plastic_l3_f2.0_off0.2_cos,plastic,3,0.05,0.0038556104883152235,0.9999868042947407,0.08422616890255254,0.6697840360385436,-0.04731573205909445,True,0.34924305888766055
plastic_l3_f2.0_off0.2_cos,plastic,3,0.1,0.007711220976630446,0.9999472753279299,0.08422616890255254,0.6697840360385436,-0.0945799837300143,True,0.3106810246594867
plastic_l3_f2.0_off0.2_cos,plastic,3,0.2,0.015422441953260896,0.9997897631172767,0.08422616890255254,0.6697840360385436,-0.18895404590701936,True,0.23354518806158428
plastic_l3_f2.0_off0.2_cos,plastic,3,0.4,0.03084488390652179,0.9991667637282128,0.08422616890255254,0.6697840360385436,-0.40672934919079307,False,-1.0
plastic_l3_f2.5_cos,plastic,3,0.05,0.003671542787699944,0.9999873656990363,0.06419454379379987,0.4781369626927319,-0.12677671775322974,True,0.3412847369936243
plastic_l3_f2.5_cos,plastic,3,0.1,0.007343085575399891,0.9999495339259749,0.06419454379379987,0.4781369626927319,-0.2536646674790033,True,0.3045636343506656
plastic_l3_f2.5_cos,plastic,3,0.2,0.01468617115079978,0.9997987766582973,0.06419454379379987,0.4781369626927319,-0.5077742628478932,True,0.23111016500651504
plastic_l3_f2.5_cos,plastic,3,0.4,0.02937234230159956,0.9991985777773121,0.06419454379379987,0.4781369626927319,-1.0173282372556436,False,-1.0
plastic_l3_f2.5_off0.2_cos,plastic,3,0.05,0.0037801621803978214,0.9999872459101493,0.07809371751297917,0.6466096746812352,-0.0677648343196946,True,0.37541064918866096
plastic_l3_f2.5_off0.2_cos,plastic,3,0.1,0.007560324360795644,0.9999490558120547,0.07809371751297917,0.6466096746812352,-0.13549506528616195,True,0.3376032988699686
plastic_l3_f2.5_off0.2_cos,plastic,3,0.2,0.015120648721591285,0.9997970362648325,0.07809371751297917,0.6466096746812352,-0.2708517171593261,True,0.2619772523299288
plastic_l3_f2.5_off0.2_cos,plastic,3,0.4,0.030241297443182574,0.9991949211483429,0.07809371751297917,0.6466096746812352,-0.5411497806665944,False,-1.0
