config_id,family,ell,offset_x_mm,apod,beam_waist_mm,focal_length_mm,k_r,eta_out,corr_out,E_roi,core_ratio,core_min_Pa,peak_roi_Pa,w_1.0lam,w_1.5lam,w_2.0lam,winding_std,centroid_x_mm,centroid_y_mm,core_x_mm,core_y_mm,trap_crosstalk_mean_pct,trap_crosstalk_max_pct,barrier_reduction_pct,pass_hard,J
lg_l1_w0.4_cos,lg,1,0.0,cosine_taper,0.4,nan,nan,0.02044187435501878,0.9995775623153184,0.072551799690593,0.5755308720818911,0.009840998568238083,0.2677111335465392,-1.0,0.0,-1.0,0.4714045207910313,2.9911247675902737,3.0547653718655035,2.4893969849246234,2.4893969849246234,1.3444050839024628,6.63377201464015,-0.8079495251719804,False,-1.0
lg_l1_w0.4_f1.5_cos,lg,1,0.0,cosine_taper,0.4,1.5,nan,0.019717665322106573,0.9996316888475232,0.10095039798605626,0.6332404672085135,0.01014101667336435,0.3027083668158935,-0.0,0.0,-1.0,0.47140452079103146,2.9844282557233743,3.0508886492333014,1.8993668341708545,2.9659597989949753,1.1859866240629502,6.015237970444831,-0.8517736778937524,True,0.273126033164135
lg_l1_w0.4_f2.0_cos,lg,1,0.0,cosine_taper,0.4,2.0,nan,0.019838717846623048,0.9996200343276523,0.0941707928787576,0.6156087203544067,0.011785015852115357,0.29201485841577096,0.0,-0.0,-1.0,0.4714045207910319,2.985975945056467,3.0520955873595694,2.6936381909547746,3.714844221105528,1.2195800510275665,6.158235162241914,-0.8885410031903573,True,0.2697780647928122
lg_l1_w0.4_f2.5_cos,lg,1,0.0,cosine_taper,0.4,2.5,nan,0.01992790497875091,0.9996124454942734,0.0898391012353922,0.6043047323106197,0.011875360523817009,0.2851985066123297,-0.0,0.0,-1.0,0.47140452079103146,2.986986494124215,3.0527982690854993,2.6936381909547746,3.714844221105528,1.2426438612184227,6.245684230400646,-0.8950415104315601,True,0.26751953253459076
lg_l1_w0.6_cos,lg,1,0.0,cosine_taper,0.6,nan,nan,0.022527955898981253,0.9994901862017929,0.0730669741786661,0.697700320533672,0.0015859277391605863,0.34281797174768663,-1.0,-1.0,1.0,3.510833468576701e-16,2.988619322885373,3.037373005779069,2.852492462311558,4.100633165829147,1.5217073259496072,5.94339367962273,-1.3040292669662445,False,-1.0
lg_l1_w0.6_f1.5_cos,lg,1,0.0,cosine_taper,0.6,1.5,nan,0.021211505021163462,0.999578258806209,0.14396677562808874,0.739175077874745,0.004803090264050674,0.39729909195320345,0.0,1.0,1.0,0.47140452079103173,2.977368743337655,3.039868454908385,3.4425226130653273,2.4893969849246234,1.2283849955740034,5.477751871325371,-1.8652761919116356,False,-1.0
lg_l1_w0.6_f2.0_cos,lg,1,0.0,cosine_taper,0.6,2.0,nan,0.021194051160946966,0.9995691526930406,0.12916883002039642,0.7186097374261032,0.006564613529080376,0.3797687061872403,-0.0,1.0,1.0,0.4714045207910313,2.9792863049143454,3.040017201334277,3.4425226130653273,2.4893969849246234,1.28655968189548,5.414503498406179,-1.8786035321518568,False,-1.0
lg_l1_w0.6_f2.5_cos,lg,1,0.0,cosine_taper,0.6,2.5,nan,0.021277644942253236,0.9995604740748798,0.11864847101935486,0.7099978517590937,0.0037298982528338504,0.3704786735591032,-0.0,1.0,1.0,0.47140452079103146,2.9807097495169677,3.0399552485801364,1.8993668341708545,2.8751859296482416,1.3241460562263698,5.416019104691208,-1.8359049595284116,False,-1.0
lg_l1_w0.8_cos,lg,1,0.0,cosine_taper,0.8,nan,nan,0.02355288453843263,0.9994551471139568,0.08547864045318596,0.7657069383986884,0.010981066086989094,0.38380183240955407,0.0,0.0,1.0,0.47140452079103173,2.978566752894105,3.016059036497676,1.8993668341708545,2.852492462311558,1.555044476112131,4.9159368013720295,-1.5642463189885047,False,-1.0
lg_l1_w0.8_f1.5_cos,lg,1,0.0,cosine_taper,0.8,1.5,nan,0.021872818783688696,0.9995508392377189,0.18040005417291521,0.8153245370631466,0.010975414062394632,0.4676391430722521,1.0,1.0,1.0,1.5700924586837752e-16,2.9716045898899344,3.030549961242323,2.7844120603015083,3.9871658291457295,1.2300561208890428,4.795056466096875,-2.5178552943061927,False,-1.0
lg_l1_w0.8_f2.0_cos,lg,1,0.0,cosine_taper,0.8,2.0,nan,0.02172891991562424,0.9995475103500457,0.16299258910549494,0.7786555079288263,0.01668238832302205,0.4350876037703316,1.0,1.0,1.0,1.5700924586837752e-16,2.9727180541581584,3.028867954784113,2.9659597989949753,2.9659597989949753,1.2736584025022473,4.501018625409232,-2.5157949746986707,False,-1.0
lg_l1_w0.8_f2.5_cos,lg,1,0.0,cosine_taper,0.8,2.5,nan,0.021795243053383255,0.9995408071383497,0.14944500967198654,0.7683430716430074,0.01800294958142485,0.4211638882619625,1.0,1.0,1.0,3.268408087260198e-16,2.973560320583352,3.027396056217642,3.4425226130653273,2.39862311557789,1.3137525979516618,4.394537722183154,-2.436504150295171,False,-1.0
lg_l2_w0.4_cos,lg,2,0.0,cosine_taper,0.4,nan,nan,0.041923738531307174,0.9984869569537191,0.14290874187255,0.9302580541529405,0.006425516089631839,0.9186748621210536,2.0,2.0,2.0,0.0,2.949769317142555,3.006724215479337,3.4425226130653273,3.533296482412061,2.6046779467967633,7.533094190371767,-1.1828760889980972,False,-1.0
lg_l2_w0.4_f1.5_cos,lg,2,0.0,cosine_taper,0.4,1.5,nan,0.04677155037441375,0.99788152820385,0.1396064459056958,0.8755682743895159,0.02481062772273991,0.9492030522625552,2.0,2.0,2.0,2.5639502485114184e-16,2.950853572382404,3.0078097798219865,3.4425226130653273,2.7844120603015083,3.275819947170968,9.5908086436853,-2.2956571896044498,False,-1.0
lg_l2_w0.4_f2.0_cos,lg,2,0.0,cosine_taper,0.4,2.0,nan,0.04595281248633189,0.9979927611067783,0.14003221287260828,0.8981136989820483,0.029533493133469056,0.949933026513101,2.0,2.0,2.0,2.5639502485114184e-16,2.9508774460874174,3.007979114200816,3.4425226130653273,2.7844120603015083,3.188428620303714,8.287797680391453,-2.1170358185799376,False,-1.0
lg_l2_w0.4_f2.5_cos,lg,2,0.0,cosine_taper,0.4,2.5,nan,0.04532368932177382,0.998074916359712,0.14039177550385207,0.9050986641318448,0.030659726744039453,0.9478685925011514,1.0,2.0,2.0,0.47140452079103135,2.9508238575970505,3.007981271633903,3.056733668341709,3.056733668341709,3.114814243201446,7.547445957564151,-1.966877197261141,False,-1.0
lg_l2_w0.6_cos,lg,2,0.0,cosine_taper,0.6,nan,nan,0.05297939920778338,0.9975298956750626,0.13502478868435397,0.898158093596654,0.028612258017080408,1.2351849492109763,2.0,2.0,2.0,3.6259732146947156e-16,2.972616892843644,3.0229303777376137,3.1475075376884427,3.4425226130653273,3.1855068183550457,9.88702899167697,-2.060361026842883,False,-1.0
lg_l2_w0.6_f1.5_cos,lg,2,0.0,cosine_taper,0.6,1.5,nan,0.06482704096826518,0.9959414426485266,0.13300848902568432,0.7782184308030817,0.04240872296891939,1.3153739236534667,2.0,2.0,2.0,2.5639502485114184e-16,2.965663962828335,3.018180755170035,2.7844120603015083,2.4893969849246234,4.578974182271998,12.087753612028289,-4.0708404161290845,False,-1.0
lg_l2_w0.6_f2.0_cos,lg,2,0.0,cosine_taper,0.6,2.0,nan,0.06279836093380574,0.996189972134335,0.13292783944829883,0.7990742800353624,0.023740625785565173,1.3125509867325365,2.0,2.0,2.0,3.8459253727671276e-16,2.967379856374071,3.0197349178553696,2.7844120603015083,2.4893969849246234,4.457117190622091,10.548931648930113,-3.8960917447717014,False,-1.0
lg_l2_w0.6_f2.5_cos,lg,2,0.0,cosine_taper,0.6,2.5,nan,0.06125659743932296,0.9963925853986206,0.13299450725975168,0.8139485749475166,0.011398474113688085,1.305716917270097,2.0,2.0,2.0,2.5639502485114184e-16,2.9684820659186357,3.020652031182119,2.7844120603015083,2.4893969849246234,4.309678301976984,10.80465065588354,-3.703876751224544,False,-1.0
lg_l2_w0.8_cos,lg,2,0.0,cosine_taper,0.8,nan,nan,0.05816154811992981,0.9970086379551508,0.1318238622199345,0.8296363152900165,0.007053210797216879,1.3436474713864652,2.0,2.0,2.0,2.8665835232995054e-16,2.9849691673008336,3.028690204976564,3.4425226130653273,2.6936381909547746,3.403280361362449,10.545784181389825,-2.4492942711954235,False,-1.0
lg_l2_w0.8_f1.5_cos,lg,2,0.0,cosine_taper,0.8,1.5,nan,0.07319820850971549,0.9948296264148461,0.13098749790539252,0.729874614640374,0.0229891364963501,1.4511107225265985,2.0,4.0,2.0,0.9428090415820631,2.9720265731824367,3.0208304115412097,3.32905527638191,3.9871658291457295,5.149403386310022,12.82151098373012,-4.921614954121956,False,-1.0
lg_l2_w0.8_f2.0_cos,lg,2,0.0,cosine_taper,0.8,2.0,nan,0.07066227711469496,0.9951258151184916,0.13064594108786334,0.7472852451298776,0.0124795079933892,1.4459263141672085,2.0,3.0,2.0,0.4714045207910319,2.974735966515548,3.022942894328204,3.32905527638191,3.9871658291457295,4.996698266849122,12.225033338173283,-4.7798538356561115,False,-1.0
lg_l2_w0.8_f2.5_cos,lg,2,0.0,cosine_taper,0.8,2.5,nan,0.06872177801804372,0.9953913706213638,0.13053436784276987,0.7596545979027097,0.03155384927040667,1.4363669242391488,2.0,3.0,2.0,0.4714045207910319,2.9765790039701687,3.024268831798509,3.4425226130653273,2.4893969849246234,4.800925957026705,12.419454936066257,-4.55757754953765,False,-1.0
lg_l3_w0.4_cos,lg,3,0.0,cosine_taper,0.4,nan,nan,0.020192170352877906,0.999646626445631,0.06392458288927975,0.4758308118179851,0.00867394660993031,0.2821409208581869,0.0,-5.0,0.0,2.357022603955159,3.1386424289470423,2.995039092695813,2.9659597989949753,2.4893969849246234,1.3014834714698715,4.50265728057831,-1.0677121437770332,False,-1.0
lg_l3_w0.4_f1.5_cos,lg,3,0.0,cosine_taper,0.4,1.5,nan,0.019384334862502503,0.9996414083106872,0.06395849216551458,0.47804918061333423,0.007652033616280075,0.27212417708452186,-0.0,-5.0,0.0,2.357022603955158,3.1392631667490214,2.9937608971164456,2.9659597989949753,2.4893969849246234,1.232049374021167,4.28746415974689,-0.43698812480124083,True,0.18404371517829002
lg_l3_w0.4_f2.0_cos,lg,3,0.0,cosine_taper,0.4,2.0,nan,0.019769121332481925,0.9996316524725323,0.06394981249125521,0.47760002555763975,0.007943707675612362,0.27728116412160303,-0.0,-5.0,-0.0,2.357022603955158,3.1391682470498714,2.9939861256974742,2.9659597989949753,2.4893969849246234,1.2730627710222677,4.423642667342635,-0.5717285739866851,True,0.18018098830781537
lg_l3_w0.4_f2.5_cos,lg,3,0.0,cosine_taper,0.4,2.5,nan,0.01995448467371668,0.9996293010536025,0.06394430943914652,0.4772904053281475,0.008113561868420284,0.27970649485611854,0.0,-5.0,-0.0,2.357022603955158,3.1390922718065024,2.994147778795964,2.9659597989949753,2.4893969849246234,1.3000152897526758,4.591352756876594,-0.691024124708739,True,0.17831788591386388
lg_l3_w0.6_cos,lg,3,0.0,cosine_taper,0.6,nan,nan,0.030383904526271245,0.9992082790001425,0.06388073725068587,0.47813495417313434,0.012540194933583227,0.42784393833887074,0.0,-5.0,1.0,2.160246899469287,3.1405255914707713,2.9911633288224184,2.9659597989949753,2.4893969849246234,1.955080624650173,6.799420746517801,-1.572466627896163,False,-1.0
lg_l3_w0.6_f1.5_cos,lg,3,0.0,cosine_taper,0.6,1.5,nan,0.028893508202735268,0.999198580183302,0.06404300493248088,0.483478954316865,0.010424496244246604,0.41052358640005576,-0.0,-5.0,1.0,2.1602468994692874,3.1420366861923834,2.9898351718717606,2.9659597989949753,2.4893969849246234,1.834660851471564,5.77013770482051,-0.7931421587482168,False,-1.0
lg_l3_w0.6_f2.0_cos,lg,3,0.0,cosine_taper,0.6,2.0,nan,0.0295985506755633,0.9991658012516506,0.06400353109584657,0.4822679613237666,0.010981536544439459,0.4197867857249028,0.0,-5.0,1.0,2.160246899469287,3.141753791878192,2.9900183237807774,2.9659597989949753,2.4893969849246234,1.8877320166184341,6.442116199650948,-0.6856625056352872,False,-1.0
lg_l3_w0.6_f2.5_cos,lg,3,0.0,cosine_taper,0.6,2.5,nan,0.029942671909665205,0.9991574129095337,0.06397878530963026,0.4814827194204069,0.011319987401927243,0.424146739762367,0.0,-5.0,1.0,2.160246899469286,3.1415513002430355,2.990166512735031,2.9659597989949753,2.4893969849246234,1.932794479974305,6.843247993040579,-0.901630883909954,False,-1.0
lg_l3_w0.8_cos,lg,3,0.0,cosine_taper,0.8,nan,nan,0.03395880644232232,0.999016084546342,0.0638587217114648,0.47837042205304486,0.013725820654253896,0.4797721017855549,0.0,-5.0,1.0,2.160246899469287,3.1412852560713094,2.989102994991629,2.9659597989949753,2.4893969849246234,2.1874752545798852,7.6181696500411755,-1.7340849481892295,False,-1.0
lg_l3_w0.8_f1.5_cos,lg,3,0.0,cosine_taper,0.8,1.5,nan,0.03220721190401721,0.999003555729349,0.06408448376800685,0.48475981501525356,0.01107485740828587,0.46003517779674397,0.0,-5.0,1.0,2.1602468994692874,3.1433151119418214,2.9878712925947024,2.9659597989949753,2.4893969849246234,2.045682840713741,6.368435010565165,-0.933897652452087,False,-1.0
lg_l3_w0.8_f2.0_cos,lg,3,0.0,cosine_taper,0.8,2.0,nan,0.03303230814762418,0.9989572235950489,0.06402956950416307,0.4832239278677083,0.011754682722802208,0.4707636141616021,0.0,-5.0,1.0,2.160246899469287,3.142909524277543,2.9880167443445065,2.9659597989949753,2.4893969849246234,2.1135251514505797,7.083182208925084,-0.6898202875459392,False,-1.0
lg_l3_w0.8_f2.5_cos,lg,3,0.0,cosine_taper,0.8,2.5,nan,0.03343715390516989,0.9989452881792689,0.06399535371548577,0.48225676597858097,0.012173953810908808,0.4758138933111002,-0.0,-5.0,1.0,2.160246899469287,3.1426290311387253,2.9881441669064,2.9659597989949753,2.4893969849246234,2.150138423076181,7.608206322886027,-0.9451081257022764,False,-1.0
lg_l1_w0.6_f2.0_off0.2_cos,lg,1,0.2,cosine_taper,0.6,2.0,nan,0.022086488868140138,0.9995550493545342,0.1495301734934662,0.7903068815049638,0.008136324909137195,0.4709341812424627,-1.0,1.0,2.0,0.47140452079103157,2.918635383211221,2.822654085140007,2.5801708542713575,3.4425226130653273,1.1989201778525407,7.041116868797777,-1.992805148238097,False,-1.0
lg_l1_w0.6_f2.0_uni,lg,1,0.0,uniform,0.6,2.0,nan,0.02742721107880733,0.9992689398144684,0.24566508936522705,1.0,0.037773763950300895,0.7187036880411223,1.0,1.0,1.0,1.9229626863835638e-16,2.960142231977074,3.0086396359890153,2.9659597989949753,2.9659597989949753,1.5485196872379277,4.929709347362459,-4.612319924670039,False,-1.0
bessel_l1_kr4234_uni,bessel,1,0.0,uniform,nan,nan,4233.952363328562,0.046418693901130195,0.9981842390739508,0.24029010167872722,1.0238627891788563,0.050581916985668975,1.1764971454919,1.0,1.0,-1.0,3.1401849173675503e-16,2.9589504464820044,3.0156394827860047,3.1475075376884427,3.32905527638191,2.5706998268926133,11.556018963396754,-3.589342307771215,False,-1.0
bessel_l1_kr8468_uni,bessel,1,0.0,uniform,nan,nan,8467.904726657123,0.04428123311720063,0.9983388120392414,0.17412339673298355,0.9741839273417229,0.021714352252031582,0.9516593711078042,1.0,1.0,0.0,0.47140452079103146,2.957635702841363,3.018481676444863,3.32905527638191,3.32905527638191,2.5960890858483383,9.195615675018718,0.07019543204633827,False,-1.0
bessel_l1_kr12702_uni,bessel,1,0.0,uniform,nan,nan,12701.857089985686,0.017485995095318254,0.9997390459991946,0.1378744929317003,0.9570520741134313,0.0037165208066700685,0.35372529797696584,1.0,1.0,-1.0,0.0,2.947510591670483,3.0130385856560875,2.5801708542713575,3.1475075376884427,1.0731941549685449,3.5334093861972256,-0.4696551446583097,True,0.3834958310324575
bessel_l2_kr4234_uni,bessel,2,0.0,uniform,nan,nan,4233.952363328562,0.1268589707293887,0.9851142740535354,0.13271366051471128,0.6411493460963174,0.08478987119426111,2.3072252913520694,2.0,2.0,-0.0,0.9428090415820632,2.9706083881702234,3.010697158185951,3.056733668341709,1.922060301507538,7.031650121994854,31.932316102924442,-5.747963215482121,False,-1.0
bessel_l2_kr8468_uni,bessel,2,0.0,uniform,nan,nan,8467.904726657123,0.09782101014768944,0.9919093479325628,0.1393565040597086,0.6590015763118456,0.07480666070115082,1.8640292877434923,2.0,1.0,-1.0,0.4714045207910319,2.9592726011835597,2.9990803386469627,3.056733668341709,1.922060301507538,5.0078839290827375,20.385935884062075,-0.06884295800491103,False,-1.0
bessel_l2_kr12702_uni,bessel,2,0.0,uniform,nan,nan,12701.857089985686,0.04149679002213071,0.9986203206861961,0.1443890996564021,0.684656682420143,0.011734103439530862,0.8630338593613288,1.0,0.0,-2.0,0.8164965809277259,2.959122940341121,2.9929026068564664,3.9871658291457295,2.8751859296482416,1.9538219934496481,9.522508132725543,-1.061632461711115,False,-1.0
bessel_l3_kr4234_uni,bessel,3,0.0,uniform,nan,nan,4233.952363328562,0.04041361980567511,0.9986511869924298,0.06466512106253024,0.49072189236936015,0.006917935918358319,0.5926940100322495,0.0,-5.0,1.0,2.160246899469287,3.1489269316296884,2.9776623052557767,2.9659597989949753,2.4893969849246234,2.2738319895230865,7.080531035566289,-1.6819831035344457,False,-1.0
bessel_l3_kr8468_uni,bessel,3,0.0,uniform,nan,nan,8467.904726657123,0.022191981821651986,0.9996061750499624,0.06510821019457735,0.5289556535964665,0.0008248830491086093,0.33346399387870906,-0.0,-4.0,2.0,1.632993161855452,3.15772896203203,2.9907780578553345,2.8751859296482416,3.056733668341709,1.1826742865322037,3.5887620000651728,-1.0852262752248265,False,-1.0
bessel_l3_kr12702_uni,bessel,3,0.0,uniform,nan,nan,12701.857089985686,0.008329016896376697,0.9999437739194191,0.0750741694459228,0.5677365250382048,0.002722112431709734,0.14195006886082415,-1.0,-3.0,2.0,0.816496580927726,3.160357807697819,2.9704708670478155,3.8056180904522616,2.8751859296482416,0.487849712737138,1.3693000650109726,-0.37182333750842567,True,0.32718886547242276
bessel_l1_kr8468_off0.2_uni,bessel,1,0.2,uniform,nan,nan,8467.904726657123,0.04428123311719164,0.9983388120392414,0.17412339673296592,0.9741839273416958,0.021714352251526008,0.9516593711078034,1.0,1.0,-0.0,0.47140452079103146,2.9576357028414786,3.018481676444533,3.32905527638191,3.32905527638191,2.596089085847874,9.195615675009535,0.07019543205080137,False,-1.0
bessel_l1_kr8468_cos,bessel,1,0.0,cosine_taper,nan,nan,8467.904726657123,0.016991560846075438,0.999732587460999,0.17353371960572772,0.8816224150276828,0.0038670551555292,0.36499787999520716,1.0,1.0,-0.0,0.47140452079103157,2.966799505189062,3.0282088417386204,3.056733668341709,3.32905527638191,1.1331485873808744,4.449459066165145,-1.0245867117286034,True,0.32475759181686475
bg_l1_w0.4_kr4234_cos,bg,1,0.0,cosine_taper,0.4,nan,4233.952363328562,0.010203298852948104,0.9999154003135828,0.11300195772186535,0.6957738945492913,0.0035098544739621076,0.17391502495850553,0.0,1.0,-2.0,0.8164965809277259,2.9777887659366478,3.0513451132010037,2.9659597989949753,2.9659597989949753,0.6115049184556094,2.2332709745969814,-0.533537572545284,True,0.3211246711725961
bg_l1_w0.6_kr4234_cos,bg,1,0.0,cosine_taper,0.6,nan,4233.952363328562,0.01343519011291748,0.9998551229991748,0.13858924234917014,0.7263783664270359,0.0021847506337334703,0.24865830946379625,-1.0,1.0,-3.0,0.9428090415820634,2.975832022906488,3.0472166531395244,2.9659597989949753,2.9659597989949753,0.789722512949227,2.684121559111892,-0.8133160906095283,True,0.27701178083136035
bg_l1_w0.8_kr4234_cos,bg,1,0.0,cosine_taper,0.8,nan,4233.952363328562,0.015089027631305596,0.9998174769296314,0.1573894262684781,0.7695477602685926,0.0009082372537605946,0.3001742390313991,1.0,1.0,-1.0,1.2819751242557092e-16,2.9737718423370927,3.043582246269365,2.9659597989949753,2.9659597989949753,0.8709315762029732,2.8790721177309484,-0.9829092582612997,True,0.40766839580022307
bg_l1_w0.4_kr8468_cos,bg,1,0.0,cosine_taper,0.4,nan,8467.904726657123,0.007873340228300756,0.9999426706739679,0.13153438209532636,0.757667333940198,0.0027353566224087808,0.14594470094898315,0.0,1.0,-4.0,1.699673171197595,2.975338371126818,3.0417178617842806,2.4893969849246234,2.5801708542713575,0.5386155864053046,2.099488240775583,-0.6296677147848317,True,0.3230832771904241
bg_l1_w0.6_kr8468_cos,bg,1,0.0,cosine_taper,0.6,nan,8467.904726657123,0.0109895783902959,0.999886048287839,0.15246215021469955,0.8062614809016746,0.006354380318721077,0.2189781519753352,0.0,1.0,-1.0,0.4714045207910316,2.9719547737248426,3.035447995739214,2.9659597989949753,2.9659597989949753,0.7509406256703006,2.913675707669112,-0.8447781712877189,True,0.37764851979777886
bg_l1_w0.8_kr8468_cos,bg,1,0.0,cosine_taper,0.8,nan,8467.904726657123,0.012939883368110448,0.9998424196454578,0.16172377076212321,0.834000972028205,0.002135859073755308,0.26623182290877123,-0.0,1.0,-1.0,0.47140452079103157,2.969992196711723,3.0325211164700643,3.1475075376884427,2.6936381909547746,0.8764571358280875,3.421734114601592,-0.9324332239335265,True,0.36114781813829544
bg_l1_w0.4_kr12702_cos,bg,1,0.0,cosine_taper,0.4,nan,12701.857089985686,0.004566296857275613,0.999980645006599,0.1320041684229532,0.7841165459326466,0.001680956897663653,0.08477970963553987,-0.0,-0.0,0.0,3.33183967881107e-17,2.977001090000251,3.024074383000576,2.4893969849246234,2.5801708542713575,0.24896382925616983,1.1281533577885983,0.022614875308391014,True,0.5069380839322881
bg_l1_w0.6_kr12702_cos,bg,1,0.0,cosine_taper,0.6,nan,12701.857089985686,0.00576004119772578,0.9999702448204926,0.13807221717371784,0.8105941956621192,0.0014850176743044484,0.11004993127731601,0.0,0.0,0.0,1.1541831212749484e-16,2.973578068936772,3.0182171464952186,2.307849246231156,2.5801708542713575,0.34603181635732,1.3814361750606512,-0.19763961951331233,True,0.4971780339307985
bg_l1_w0.8_kr12702_cos,bg,1,0.0,cosine_taper,0.8,nan,12701.857089985686,0.0064253610543386795,0.9999632172663067,0.13895225674743253,0.8208037381465642,0.0014704224217109603,0.12357149375933987,-0.0,1.0,-0.0,0.4714045207910316,2.9716425387167114,3.016091348886307,2.307849246231156,2.5801708542713575,0.40720777770433403,1.592896941364962,-0.35195441424116236,True,0.4202883515684267
bg_l2_w0.4_kr4234_cos,bg,2,0.0,cosine_taper,0.4,nan,4233.952363328562,0.014669572821520933,0.9997756114748494,0.1444200352988674,0.825128098922432,0.007707542677386428,0.27935845435219553,2.0,1.0,1.0,0.4714045207910317,2.9411459771495725,2.9968456604610236,2.39862311557789,2.5801708542713575,0.9005472044701699,3.969728930291512,-0.9524429270642454,True,0.339293146685141
bg_l2_w0.6_kr4234_cos,bg,2,0.0,cosine_taper,0.6,nan,4233.952363328562,0.024930854188507427,0.9993780101679175,0.14029728461806934,0.8041322564554368,0.0036352329876648977,0.46188029703847183,2.0,2.0,1.0,0.4714045207910318,2.9473833423616886,3.0032913547787587,3.4425226130653273,2.7844120603015083,1.5014779857959,6.6263894364870435,-1.5913035576985646,False,-1.0
bg_l2_w0.8_kr4234_cos,bg,2,0.0,cosine_taper,0.8,nan,4233.952363328562,0.03143575065307643,0.9990279098279429,0.13835517100896236,0.7783969111527428,0.0022017046559462228,0.5831655648800649,2.0,2.0,1.0,0.4714045207910317,2.9508729031543792,3.0061766163291077,3.4425226130653273,2.7844120603015083,1.8630611568715956,8.2904718455483,-1.9632283986405374,False,-1.0
bg_l2_w0.4_kr8468_cos,bg,2,0.0,cosine_taper,0.4,nan,8467.904726657123,0.011275282462534677,0.9999014261260079,0.14396765043679485,0.7950922660295044,0.006994911492016593,0.2108563387289348,2.0,0.0,1.0,0.8164965809277259,2.941778058356255,2.997278792508351,3.056733668341709,1.922060301507538,0.6186004752186185,1.9675944851271785,-0.04947761272138251,True,0.32062712141433186
bg_l2_w0.6_kr8468_cos,bg,2,0.0,cosine_taper,0.6,nan,8467.904726657123,0.0189209053386864,0.9997118835952722,0.141509727559431,0.74872181748275,0.007849784737619818,0.3474437330320252,2.0,-0.0,0.0,0.9428090415820631,2.9460863535686963,2.9996476466799225,3.056733668341709,1.922060301507538,1.1119066286189405,3.0071439129101694,0.28052463383719806,True,0.22342185024204386
bg_l2_w0.8_kr8468_cos,bg,2,0.0,cosine_taper,0.8,nan,8467.904726657123,0.0238869861338674,0.999534801470108,0.14053949653961234,0.7255693364330666,0.008020814457328499,0.435875690523192,2.0,1.0,-0.0,0.816496580927726,2.948170838152995,3.0004453309187107,3.056733668341709,1.922060301507538,1.4078738096423833,4.179526832192554,0.5062625352497019,False,-1.0
bg_l2_w0.4_kr12702_cos,bg,2,0.0,cosine_taper,0.4,nan,12701.857089985686,0.006028868429252389,0.9999616922208163,0.14685878664250882,0.8186234327125728,0.004661858770575928,0.11974398276205096,2.0,1.0,-0.0,0.8164965809277259,2.94093825496246,2.9962665503847963,3.056733668341709,1.922060301507538,0.3757600156350538,1.828088164828258,0.06960365637953547,True,0.3744113648798812
bg_l2_w0.6_kr12702_cos,bg,2,0.0,cosine_taper,0.6,nan,12701.857089985686,0.0087582380115148,0.999919821257021,0.14581546218642052,0.7889349422379734,0.003683581209739754,0.17444062575418057,2.0,1.0,-1.0,0.47140452079103173,2.943740365965616,2.99366480302586,3.4425226130653273,2.7844120603015083,0.536967743638316,2.2583181811400777,-0.015488522284634598,True,0.39787215405730486
bg_l2_w0.8_kr12702_cos,bg,2,0.0,cosine_taper,0.8,nan,12701.857089985686,0.010446678157921547,0.9998916100925083,0.14549161474701777,0.7683677733161811,0.005168132220593738,0.20846697573010073,2.0,1.0,-2.0,0.4714045207910316,2.944944874647183,2.992690587047442,3.4425226130653273,2.7844120603015083,0.6149601488356172,2.41283671563116,-0.11388698908449957,True,0.380388379835665
bg_l3_w0.4_kr4234_cos,bg,3,0.0,cosine_taper,0.4,nan,4233.952363328562,0.0028773207288928333,0.9999928215670231,0.0673206554489549,0.4814264192427156,0.0009893115898518348,0.04173612474888706,1.0,-5.0,1.0,1.8856180831641263,3.137493832813854,2.967749415155318,3.1475075376884427,2.4893969849246234,0.17179104459292113,0.5367434615004301,-0.14884032796915747,True,0.3500915402894318
bg_l3_w0.6_kr4234_cos,bg,3,0.0,cosine_taper,0.6,nan,4233.952363328562,0.006011456603466401,0.9999694508404837,0.0657509608616453,0.4782915084980649,0.0008953638579382796,0.08583160596101112,1.0,-5.0,1.0,1.8856180831641267,3.1408320417158144,2.977108962717021,3.8056180904522616,2.8751859296482416,0.33764311427260496,0.8806728051618811,-0.32265295186038045,True,0.3182758795192715
bg_l3_w0.8_kr4234_cos,bg,3,0.0,cosine_taper,0.8,nan,4233.952363328562,0.008185367759233876,0.9999438957768771,0.06534430498975516,0.48057813488451706,0.0012932958230605662,0.11701249549242175,1.0,-5.0,1.0,1.8856180831641267,3.141839007435352,2.9795830305133197,3.8056180904522616,2.8751859296482416,0.4490637728965414,1.2036163813502927,-0.43620369864485475,True,0.2964884363937445
bg_l3_w0.4_kr8468_cos,bg,3,0.0,cosine_taper,0.4,nan,8467.904726657123,0.0019014438865063337,0.9999965156432039,0.0723876692279955,0.5111775330485481,0.00024944798344986264,0.02963472878769507,1.0,-4.0,2.0,1.247219128924647,3.1620378381067793,2.9507272914466243,2.6936381909547746,2.9659597989949753,0.1282238939515489,0.5011431409506882,-0.003707257295859634,True,0.3618613941146298
bg_l3_w0.6_kr8468_cos,bg,3,0.0,cosine_taper,0.6,nan,8467.904726657123,0.0036275846377544618,0.9999872511902135,0.06597983265148061,0.49052939323533884,0.0005773151642233854,0.053042567083698665,1.0,-4.0,1.0,1.4142135623730951,3.156944678742589,2.983440142097632,2.8751859296482416,3.056733668341709,0.2317436805613388,1.092963493558144,0.035377582561924026,True,0.34248043429474107
bg_l3_w0.8_kr8468_cos,bg,3,0.0,cosine_taper,0.8,nan,8467.904726657123,0.004793724578699717,0.9999780430884053,0.06470471386258463,0.48785481960428567,0.00022091403641033588,0.06908319743057854,1.0,-4.0,0.0,1.6996731711975948,3.15369740201502,2.990719143944654,2.8751859296482416,3.056733668341709,0.3024795606998901,1.4271407445215107,-0.0017920873998322762,True,0.33043200963201697
bg_l3_w0.4_kr12702_cos,bg,3,0.0,cosine_taper,0.4,nan,12701.857089985686,0.0011512384219914719,0.9999988702111033,0.06666385457387351,0.538872078448083,0.0005072997537289508,0.016534339975946933,1.0,-0.0,2.0,0.8164965809277261,3.187753830273805,3.0403575212469462,2.4667035175879404,2.035527638190955,0.05411781295795339,0.28192276137753997,-0.030868790583449268,True,0.3961507247772623
bg_l3_w0.6_kr12702_cos,bg,3,0.0,cosine_taper,0.6,nan,12701.857089985686,0.0015605002291400674,0.9999979665932481,0.05413161209779154,0.5522475370966731,0.000612159375842538,0.022466124315007115,1.0,-2.0,1.0,0.47140452079103157,3.149229144425654,3.0783572578767817,1.922060301507538,3.1475075376884427,0.0851177069150837,0.35137858722346227,-0.07360063904371383,True,0.44102310603079653
bg_l3_w0.8_kr12702_cos,bg,3,0.0,cosine_taper,0.8,nan,12701.857089985686,0.0017958045818567841,0.9999971968726473,0.05350005231605493,0.5718540963003486,0.0004283296087634354,0.0271946696941647,2.0,-4.0,1.0,1.2472191289246473,3.119116729229058,3.0666826397484996,3.2382814070351764,2.5801708542713575,0.10927870027116703,0.36426528662309365,-0.08155504717293205,True,0.3597128991988517
bg_l1_w0.6_kr4234_off0.2_cos,bg,1,0.2,cosine_taper,0.6,nan,4233.952363328562,0.01343519011291751,0.9998551229991752,0.13858924234922268,0.7263783664275489,0.002184750633756838,0.24865830946399406,-1.0,1.0,-3.0,0.9428090415820634,2.975832022906546,3.0472166531398313,2.9659597989949753,2.9659597989949753,0.789722512948958,2.684121559111158,-0.8133160906082626,True,0.2770117808313861
plastic_l1_f1.5_cos,plastic,1,0.0,cosine_taper,nan,1.5,nan,0.017771536862567425,0.9996996619351608,0.15732632327904825,0.7760587283446719,0.004864114701545725,0.35263978683037167,0.0,1.0,2.0,0.816496580927726,2.975004619913202,3.038491271404533,2.9659597989949753,2.9659597989949753,1.0237848780558352,4.7659541215268595,-1.6422075038836637,True,0.25849814255381987
plastic_l1_f1.5_off0.2_cos,plastic,1,0.2,cosine_taper,nan,1.5,nan,0.019185252671877578,0.9996734854302521,0.17403631981046053,0.7863098037550745,0.00510529295400425,0.4257220082600709,-1.0,1.0,1.0,1.4332917616497527e-16,2.9137493040133466,2.79690562666296,3.8056180904522616,3.1475075376884427,1.0121196949221503,6.640778175704224,-1.8641001899986298,True,0.37126532114225397
plastic_l1_f2.0_cos,plastic,1,0.0,cosine_taper,nan,2.0,nan,0.017546217296661573,0.9997010998359336,0.14129631634789594,0.732109695107714,0.0026876993681659257,0.32514937811839423,-0.0,1.0,1.0,0.4714045207910317,2.977137908341139,3.038313564752889,3.4425226130653273,2.4893969849246234,1.0590270616469464,4.573081983494809,-1.6530887933420502,True,0.3074091353547864
plastic_l1_f2.0_off0.2_cos,plastic,1,0.2,cosine_taper,nan,2.0,nan,0.018347845880129797,0.9996888848109438,0.15816841186519387,0.7920402024848593,0.00831275879256158,0.3962838927707885,-1.0,1.0,2.0,0.47140452079103157,2.9261557258498767,2.824406954179156,2.5801708542713575,3.4425226130653273,0.9988148723278689,6.0236391706614665,-1.758609922693788,True,0.3051073038301088
plastic_l1_f2.5_cos,plastic,1,0.0,cosine_taper,nan,2.5,nan,0.017526788794627542,0.9996987492112174,0.128914857513426,0.7176430572164706,0.0049979707638147745,0.313360338062517,-0.0,1.0,1.0,0.4714045207910318,2.9787823771460977,3.038013324489215,3.4425226130653273,2.4893969849246234,1.0877891023599524,4.501253094020827,-1.608397614525492,True,0.3041460371255207
plastic_l1_f2.5_off0.2_cos,plastic,1,0.2,cosine_taper,nan,2.5,nan,0.018017353213682266,0.9996924761311078,0.1437828233003487,0.7937657129244777,0.00978886962966885,0.3745055938070262,-1.0,1.0,1.0,2.398355846665908e-16,2.935641461368752,2.848852924916793,2.8751859296482416,3.1475075376884427,1.019609821673782,5.626936756448415,-1.6587151133003353,True,0.3755701879310426
plastic_l2_f1.5_cos,plastic,2,0.0,cosine_taper,nan,1.5,nan,0.043574971144112774,0.9982045067132848,0.13576778242964538,0.8003076539102928,0.02035934582878648,0.8660404972131797,2.0,2.0,2.0,2.8665835232995054e-16,2.9575892914464577,3.0121738875539616,3.4425226130653273,2.7844120603015083,2.996485098349239,8.305414405929291,-2.350821659189073,False,-1.0
plastic_l2_f1.5_off0.2_cos,plastic,2,0.2,cosine_taper,nan,1.5,nan,0.04158409394959755,0.9983500657676774,0.13532901363879385,0.7662039668445285,0.005566104841321309,0.8012392102348653,2.0,3.0,1.0,0.8164965809277259,2.9802308242809223,3.003439959701163,3.4425226130653273,2.5801708542713575,2.9102466007321657,9.30655653690781,-2.6083653348355718,False,-1.0
plastic_l2_f2.0_cos,plastic,2,0.0,cosine_taper,nan,2.0,nan,0.04216251729171004,0.9983272552587831,0.1358090771574277,0.8269385151010408,0.026060522696508073,0.865209362012416,2.0,2.0,2.0,3.1401849173675503e-16,2.958599416877866,3.013406207968156,3.4425226130653273,2.7844120603015083,2.913218821397957,6.863223095664477,-2.2029653000491756,False,-1.0
plastic_l2_f2.0_off0.2_cos,plastic,2,0.2,cosine_taper,nan,2.0,nan,0.041114806920440096,0.998398118946546,0.1350869579392367,0.7814644765721649,0.012518298782984088,0.8008134916375708,2.0,2.0,2.0,2.5639502485114184e-16,2.9750862225069032,3.003890952127638,3.4425226130653273,2.5801708542713575,2.875745976764213,7.714795651623224,-2.37099718612388,False,-1.0
plastic_l2_f2.5_cos,plastic,2,0.0,cosine_taper,nan,2.5,nan,0.04108215346913445,0.9984219604684904,0.1359879533649753,0.8462000295021601,0.02994385876851592,0.8609252836729219,2.0,2.0,2.0,0.0,2.9591796373976558,3.014067280944171,3.4425226130653273,2.7844120603015083,2.824378295962979,6.992518447282176,-2.0761667294799446,False,-1.0
plastic_l2_f2.5_off0.2_cos,plastic,2,0.2,cosine_taper,nan,2.5,nan,0.04048594937112467,0.9984567309829492,0.13519239471864808,0.7999987397221722,0.021556851604469157,0.8020675100454134,2.0,2.0,2.0,2.5639502485114184e-16,2.9719676761029783,3.004875119589464,3.4425226130653273,2.5801708542713575,2.8279976841084076,6.69834403669191,-2.1739940221561005,False,-1.0
plastic_l3_f1.5_cos,plastic,3,0.0,cosine_taper,nan,1.5,nan,0.014082041499751757,0.9998108026860965,0.06438070397067792,0.47959612041760474,0.006075198802239724,0.19878162390928558,0.0,-5.0,1.0,2.160246899469287,3.139997276624721,2.992602601806902,2.9659597989949753,2.4893969849246234,0.8975500266261407,3.0795600808398573,-0.3117458321069133,True,0.2372362844085065
plastic_l3_f1.5_off0.2_cos,plastic,3,0.2,cosine_taper,nan,1.5,nan,0.01614631683314182,0.9997684219219785,0.09463595635279813,0.677699063055829,0.004308896918661717,0.3170588080480878,1.0,-3.0,3.0,0.9428090415820632,2.997456222766349,3.16918762413003,2.5801708542713575,2.4893969849246234,1.000069822039021,3.4575551972077516,-0.10657138835781232,True,0.23768220438416432
plastic_l3_f2.0_cos,plastic,3,0.0,cosine_taper,nan,2.0,nan,0.014488281856494444,0.9998018248086878,0.0642665564293407,0.47871275882729974,0.006615775700425347,0.20396376650129222,-0.0,-5.0,1.0,2.160246899469287,3.139034263464809,2.9942691282474994,2.9659597989949753,2.4893969849246234,0.9332378306881559,3.2200108747174827,-0.4166107872372038,True,0.23312191323437642
plastic_l3_f2.0_off0.2_cos,plastic,3,0.2,cosine_taper,nan,2.0,nan,0.015422441953260896,0.9997897631172767,0.08422616890255254,0.6697840360385436,0.004951434980909857,0.2948712428636888,-0.0,-3.0,3.0,1.4142135623730951,3.028807042516872,3.1699451976016375,2.8751859296482416,2.5801708542713575,0.9430031120540319,3.4048622754767175,-0.18895404590701936,True,0.23354518806158428
plastic_l3_f2.5_cos,plastic,3,0.0,cosine_taper,nan,2.5,nan,0.01468617115079978,0.9997987766582973,0.06419454379379987,0.4781369626927319,0.006823189991535626,0.2063863743540354,-0.0,-5.0,1.0,2.1602468994692874,3.138433538190627,2.9952793237024067,2.7844120603015083,2.9659597989949753,0.9581677038180045,3.348198427873533,-0.5077742628478932,True,0.23111016500651504
plastic_l3_f2.5_off0.2_cos,plastic,3,0.2,cosine_taper,nan,2.5,nan,0.015120648721591285,0.9997970362648325,0.07809371751297917,0.6466096746812352,0.006466964349007132,0.2788135302271886,1.0,-3.0,2.0,0.8164965809277259,3.053227438373713,3.157762424489761,2.8751859296482416,2.5801708542713575,0.931120844262095,3.270516280015958,-0.2708517171593261,True,0.2619772523299288
